key,zh_Hans,zh_Hant,ja,en
character.alice,小艾,小艾,小艾,Xiao Ai
character.lin,阿林,阿林,阿林,A-Lin
character.lastlight_wan,林晚,林晚,林晚,Lin Wan
character.lastlight_zhou,周砚,周硯,周硯,Zhou Yan
character.lastlight_inner,我（内心）,我（內心）,私（心の声）,Me (inner voice)
speaker.unknown,？？？,？？？,？？？,???
text.last_light_m5.sample_open_line_1,（有些告别，是从一盏灯开始的。）,（有些告別，是從一盞燈開始的。）,（別れというものは、一つの灯りから始まることもある。）,(Some goodbyes begin with a single lamp.)
text.last_light_m5.sample_open_line_2,（那天傍晚，风把天台的铁门吹得轻轻响。我还不知道，自己会在这里说出名字。）,（那天傍晚，風把天台的鐵門吹得輕輕作響。我還不知道，自己會在這裡說出名字。）,（あの日の夕方、風が屋上の鉄扉をかすかに鳴らしていた。自分がここで名前を口にするなんて、まだ知らなかった。）,"(That evening, the wind made the rooftop's iron door creak softly. I didn't yet know that I would say a name up here.)"
text.last_light_m5.sample_open_line_3,（{playerName}。默念一遍，好像连那年夏天的温度都想起来了。）,（{playerName}。默念一遍，好像連那年夏天的溫度都想起來了。）,（{playerName}。そっと呟くと、あの夏の温度まで思い出せそうだった。）,"({playerName}. Just murmuring it once, I could almost recall the warmth of that summer.)"
text.last_light_m5.last_light_intro_e4_title,最后一盏灯,最後一盞燈,最後の一灯,The Last Lamp
text.last_light_m5.last_light_line_intro_001,天台的门在身后合上。雨后的栏杆还留着水珠，远处一排窗户逐渐亮起来。林晚站在最后一束夕光里，怀中抱着一个没有署名的信封。,天台的門在身後合上。雨後的欄杆還留著水珠，遠處一排窗戶逐漸亮起來。林晚站在最後一束夕光裡，懷中抱著一個沒有署名的信封。,屋上の扉が背後で閉まった。雨上がりの手すりにはまだ雫が残り、遠くの窓が一列ずつ灯りはじめる。林晚は最後の夕陽の中に立ち、差出人のない封筒を抱えていた。,"The rooftop door shut behind me. Raindrops still clung to the railing, and far off a row of windows was lighting up one by one. Lin Wan stood in the last of the sunset, holding an envelope with no name on it."
text.last_light_m5.last_light_line_intro_002,（我以为她约我上来，只是为了看最后一次日落。直到看见信封上熟悉的字，我才明白，有些告别从来没有真正说完。）,（我以為她約我上來，只是為了看最後一次日落。直到看見信封上熟悉的字，我才明白，有些告別從來沒有真正說完。）,（彼女が呼び出したのは、最後の夕日を見るためだけだと思っていた。封筒に見覚えのある字を見つけて、ようやく気づく。終わったはずの別れが、本当はまだ終わっていなかったのだと。）,(I thought she had called me up here just to watch one last sunset. It wasn't until I saw the familiar handwriting on the envelope that I understood: some goodbyes are never really finished.)
text.last_light_m5.last_light_line_intro_003,等这盏灯亮起来，我们就一起回去。,等這盞燈亮起來，我們就一起回去。,この灯りがついたら、一緒に帰ろう。,"Once this lamp comes on, we'll go back together."
text.last_light_m5.last_light_line_intro_004,这是许老师去年说的话。那天社团的告别广播因为停电中断，她把节目单夹进信封，说等大家准备好，再一起听完。,這是許老師去年說的話。那天社團的告別廣播因為停電中斷，她把節目單夾進信封，說等大家準備好，再一起聽完。,一年前、許先生がそう言った。あの日は停電で部活の別れの放送が途中で切れ、先生は番組表を封筒に挟み、みんなの準備ができたら一緒に最後まで聞こうと言ったのだ。,"That was what Ms. Xu said last year. The club's farewell broadcast had been cut off by a blackout that day, so she slipped the program list into an envelope and said we would listen to the rest once everyone was ready."
text.last_light_m5.last_light_line_intro_005,楼梯间传来轻轻的脚步声。周砚推门走来，把一台旧录音机放在栏杆旁。林晚向左让出位置，两个人终于站进同一片晚霞。,樓梯間傳來輕輕的腳步聲。周硯推門走來，把一台舊錄音機放在欄杆旁。林晚向左讓出位置，兩個人終於站進同一片晚霞。,階段から足音が近づいてくる。周硯が扉を押して入ってきて、古いテープレコーダーを手すりの脇に置いた。林晚が左へ一歩よけ、二人はようやく同じ夕焼けの中に並んだ。,"Soft footsteps came from the stairwell. Zhou Yan pushed the door open and set an old tape recorder down beside the railing. Lin Wan shifted left to make room, and at last the two of them stood in the same patch of evening glow."
text.last_light_m5.last_light_line_intro_006,电池换好了。不过我只检查了开关，没有替你们按播放。这里面的最后一段，应该由想听的人决定什么时候开始。,電池換好了。不過我只檢查了開關，沒有替你們按下播放。這裡面的最後一段，應該由想聽的人決定什麼時候開始。,電池は入れ替えた。ただ、確かめたのはスイッチだけだ。再生ボタンは君たちの代わりには押していない。この中の最後の部分は、聞きたい人間が始める時を決めるべきだろう。,The batteries are new. But I only checked the switch — I didn't press play for you. The last part in there should be started whenever the person who wants to hear it decides.
text.last_light_m5.last_light_line_intro_007,你还是这么认真。我原本以为，只要找到录音机，把没播完的话放出来，这件事就算完成了。,你還是這麼認真。我原本以為，只要找到錄音機，把沒播完的話放出來，這件事就算完成了。,あなたは相変わらず真面目ね。テープレコーダーさえ見つけて、途中で切れた言葉を流せば、これで終わりだと思っていたの。,"You're still this careful. I thought that as long as we found the recorder and played the words that never finished, the whole thing would be done."
text.last_light_m5.last_light_line_intro_008,完成不是修好一个开关。我们得先知道，那个人现在还愿不愿意让别人听见。你联系过许老师了吗？,完成不是修好一個開關。我們得先知道，那個人現在還願不願意讓別人聽見。你聯絡過許老師了嗎？,終わらせるというのは、スイッチを直すことじゃない。まず確かめるんだ。あの人が今も、誰かに聞かれることを望んでいるのかどうかを。許先生には連絡したのか？,Finishing it isn't the same as fixing a switch. We need to know first whether that person still wants anyone to hear it. Have you contacted Ms. Xu?
text.last_light_m5.last_light_line_intro_009,林晚点亮手机。屏幕上只有一条刚收到的消息：“我记得那段录音。你们可以听，也可以把它留到下次见面。今晚不必替我完成什么。”,林晚點亮手機。螢幕上只有一條剛收到的訊息：「我記得那段錄音。你們可以聽，也可以把它留到下次見面。今晚不必替我完成什麼。」,林晚がスマホの画面を灯す。そこには届いたばかりの一文だけがあった。「あの録音のことは覚えています。聞いてもいいし、次に会う日まで取っておいてもいい。今夜、私のために何かを終わらせなくていいのです」,"Lin Wan lit up her phone. There was just one message on the screen, newly arrived: “I remember that recording. You can listen to it, or save it for the next time we meet. You don't have to finish anything for me tonight.”"
text.last_light_m5.last_light_line_intro_010,（我读了两遍。没有责怪，也没有催促。可正因为没有人催，我才更清楚地听见自己心里那个总说“再等一下”的声音。）,（我讀了兩遍。沒有責怪，也沒有催促。可正因為沒有人催，我才更清楚地聽見自己心裡那個總說「再等一下」的聲音。）,（二度読み返した。責める言葉も、急かす言葉もない。けれど誰も急かさないからこそ、心の中の「もう少し待って」と呟く声が、はっきり聞こえた。）,"(I read it twice. No blame, no urging. And precisely because no one was rushing me, I heard that voice inside me — the one that always says “just a little longer” — more clearly than ever.)"
text.last_light_m5.last_light_line_intro_011,她给了我们选择，我却反而不敢选了。要是录音里只剩一句普通的晚安，我们等这一年，会不会显得很傻？,她給了我們選擇，我卻反而不敢選了。要是錄音裡只剩一句普通的晚安，我們等這一年，會不會顯得很傻？,彼女は選択肢をくれたのに、私はかえって選べなくなっている。もし録音に残っていたのが、ありふれた「おやすみ」の一言だけだったら。この一年の待ち時間は、ただ間抜けだったということになるのだろうか。,"She gave us a choice, and somehow that made me afraid to choose. If all that's left on the tape is an ordinary goodnight, will waiting a whole year make us look foolish?"
text.last_light_m5.last_light_line_intro_012,普通也可以被认真对待。我们等的又不是一个足够精彩的结局，只是当时被打断的一句话。,普通也可以被認真對待。我們等的又不是一個足夠精彩的結局，只是當時被打斷的一句話。,ありふれたものでも、真剣に扱っていい。俺たちが待っていたのは、見事な結末なんかじゃない。あの時、途中で切れてしまった一言だけだ。,Ordinary things can be taken seriously too. What we've been waiting for isn't a spectacular ending — just one sentence that got cut off back then.
text.last_light_m5.last_light_line_intro_013,风从我们之间穿过去，把信封翻了个面。一行铅笔字露出来：“如果你还没准备好告诉别人。”林晚倾身按住翘起的纸角，又慢慢收回手，目光停在那封始终没有寄出的回信上。,風從我們之間穿過去，把信封翻了個面。一行鉛筆字露出來：「如果你還沒準備好告訴別人。」林晚傾身按住翹起的紙角，又慢慢收回手，目光停在那封始終沒有寄出的回信上。,風が僕たちの間を抜け、封筒が裏返った。鉛筆の一行が覗く。「まだ誰にも話す準備ができていないなら」——林晚は身をかがめてめくれた角を押さえ、それからゆっくり手を引いた。その目は、ついに一度も送られなかった返事の上で止まっている。,"The wind passed between us and flipped the envelope over. A single line in pencil showed through: “If you're not ready to tell anyone yet.” Lin Wan leaned in to hold down the curling corner, then slowly drew her hand back, her eyes resting on the reply that had never once been sent."
text.last_light_m5.last_light_line_intro_014,（那幅画答应给朋友看，却一直没寄出去。我把每一次犹豫叫作修改，仿佛只要还在修改，就不必承认自己害怕被看见。）,（那幅畫答應給朋友看，卻一直沒寄出去。我把每一次猶豫叫作修改，彷彿只要還在修改，就不必承認自己害怕被看見。）,（あの絵は友達に見せると約束したのに、ずっと送れずにいる。僕は迷うたびにそれを「手直し」と呼んできた。手直しを続けているうちは、見られるのが怖いと認めずに済むから。）,"(I promised to show that painting to a friend, and still never sent it. I called every hesitation a revision, as if staying in revision meant I never had to admit I was afraid of being seen.)"
text.last_light_m5.last_light_line_intro_015,你一直没说话。是想起什么了吗？如果不方便讲，可以不讲。我们来这里，不是要轮流交出自己的秘密。,你一直沒說話。是想起什麼了嗎？如果不方便講，可以不講。我們來這裡，不是要輪流交出自己的秘密。,ずっと黙ってるね。何か思い出した？話しにくいなら、話さなくていい。ここに来たのは、順番に秘密を差し出すためじゃないから。,"You haven't said anything this whole time. Did something come back to you? If it's hard to talk about, you don't have to. We didn't come up here to take turns handing over our secrets."
text.last_light_m5.last_light_line_intro_016,我们可以安静一会儿。天还没全黑，门也不会立刻锁上。做决定之前的空白，不算浪费时间。,我們可以安靜一會兒。天還沒全黑，門也不會立刻鎖上。做決定之前的空白，不算浪費時間。,少し黙っていてもいい。空はまだ完全には暗くなっていないし、扉もすぐに閉まるわけじゃない。決める前の空白は、無駄な時間なんかじゃない。,"We can be quiet for a while. The sky isn't fully dark yet, and the door won't lock itself right away. The blank space before a decision isn't wasted time."
text.last_light_m5.last_light_line_intro_017,谁都没有继续说话。我把目光从两个人身上移开，望向楼下。街口的灯开始接连亮起，先是一盏，再是一整排店铺。城市照常运转，没有因为某个傍晚停下来，却也没有把谁丢在后面。,誰都沒有繼續說話。我把目光從兩個人身上移開，望向樓下。街口的燈開始接連亮起，先是一盞，再是一整排店鋪。城市照常運轉，沒有因為某個傍晚停下來，卻也沒有把誰丟在後面。,誰も言葉を続けなかった。僕は二人から視線を外し、階下を見下ろす。辻の灯りが次々とともり、まず一灯、やがて店の列がまるごと光った。街はいつも通りに動いていて、ある夕暮れのために立ち止まりはしない。けれど誰かを置き去りにもしない。,"No one said anything more. I looked away from the two of them, down at the street below. The lamps at the intersection were coming on one after another — first a single light, then a whole row of shops. The city kept running as always, never pausing for one particular evening, and yet never leaving anyone behind either."
text.last_light_m5.last_light_line_intro_018,（我第一次试着不替自己辩解。也许那幅画不需要再好一点，只需要一句诚实的话：这是当时的我，画得不够好，但我还记得你。）,（我第一次試著不替自己辯解。也許那幅畫不需要再好一點，只需要一句誠實的話：這是當時的我，畫得不夠好，但我還記得你。）,（自分をかばわないでみたのは、これが初めてだった。あの絵に必要なのは、上手くなることじゃない。正直な一言だけだ。——これはあの頃の僕です。うまくは描けなかったけど、あなたのことは覚えています。）,"(For the first time, I tried not to defend myself. Maybe that painting doesn't need to be any better; it just needs one honest sentence: this is who I was then, I didn't paint it well, but I still remember you.)"
text.last_light_m5.last_light_line_intro_019,片刻后，林晚从栏杆边走回来，将信封在我们面前摊平。周砚把录音机转向我。那颗小小的播放键还没有被按下，我却觉得，自己的决定已经没有刚才那么重了。,片刻後，林晚從欄杆邊走回來，將信封在我們面前攤平。周硯把錄音機轉向我。那顆小小的播放鍵還沒有被按下，我卻覺得，自己的決定已經沒有剛才那麼重了。,しばらくして、林晚が手すりから戻ってきて、封筒を僕たちの前で平らに広げた。周硯はテープレコーダーを僕のほうへ向ける。小さな再生ボタンはまだ押されていないのに、自分の決断はさっきよりずっと軽くなった気がした。,"After a moment, Lin Wan walked back from the railing and smoothed the envelope flat in front of us. Zhou Yan turned the recorder toward me. That small play button still hadn't been pressed, and yet my decision no longer felt as heavy as it had a moment ago."
text.last_light_m5.last_light_line_intro_020,如果现在听，我想把它当作重新开始，而不是证明过去没有白等。如果不听，我也想认真地把信寄出去。,如果現在聽，我想把它當作重新開始，而不是證明過去沒有白等。如果不聽，我也想認真地把信寄出去。,今聞くなら、それは過去が無駄じゃなかった証じゃなく、やり直すための一歩にしたい。聞かないなら、それはそれで、ちゃんと手紙を送りたい。,"If we listen now, I want to treat it as a new start, not as proof that the past wasn't wasted. And if we don't, I still want to send the letter properly."
text.last_light_m5.last_light_line_intro_021,那就选你真正想做的。听完以后仍然可以写信，写完以后也可以再见面。我们选的是今晚先迈出的那一步。,那就選你真正想做的。聽完以後仍然可以寫信，寫完以後也可以再見面。我們選的是今晚先邁出的那一步。,なら、本当にやりたいほうを選べ。聞いたあとでも手紙は書けるし、書き終えたあとでまた会ってもいい。選ぶのは、今夜まず踏み出す一歩だ。,"Then choose what you really want to do. You can still write the letter after listening, and you can still meet again after writing it. What we're choosing is the first step we take tonight."
text.last_light_m5.last_light_line_intro_022,许老师又发来一张照片。照片里的薄荷盆栽歪向窗边，配文是“明天记得浇水”。林晚笑起来，原来认真告别的人，也会忘记照顾自己的植物。,許老師又傳來一張照片。照片裡的薄荷盆栽歪向窗邊，配文是「明天記得澆水」。林晚笑起來，原來認真告別的人，也會忘記照顧自己的植物。,許先生からまた写真が届いた。鉢のミントが窓辺へ傾いていて、「明日は水やりを忘れずに」と添えてある。林晚が笑った。ちゃんと別れを告げる人でも、自分の植物の世話は忘れるらしい。,"Ms. Xu sent another photo. In it, the pot of mint leaned toward the window, captioned “remember to water it tomorrow.” Lin Wan laughed — so even people who say goodbye so carefully forget to take care of their own plants."
text.last_light_m5.last_light_line_intro_023,（我把朋友的聊天窗口打开，又暂时合上。先把眼前这件事做完。不是永远等下去，只是给今晚一个清楚、能够记住的顺序。）,（我把朋友的聊天視窗打開，又暫時關上。先把眼前這件事做完。不是永遠等下去，只是給今晚一個清楚、能夠記住的順序。）,（友達のチャットを開いて、またそっと閉じた。まず目の前のことを片づける。永遠に待つのではなく、今夜に、はっきりと覚えていられる順番を与えるだけ。）,"(I opened my friend's chat window, then closed it again for now. First, finish what's in front of me. Not waiting forever — just giving tonight a clear order I can remember.)"
text.last_light_m5.last_light_line_intro_024,{playerName}，我准备好了。无论你选哪一种，我都留在这里。等最后那盏灯亮起来，我们一起下楼。,{playerName}，我準備好了。無論你選哪一種，我都留在這裡。等最後那盞燈亮起來，我們一起下樓。,{playerName}、私は準備できた。どちらを選んでも、私はここにいる。最後の灯りがともったら、一緒に階下へ降りよう。,"{playerName}, I'm ready. Whichever one you choose, I'll stay right here. When the last lamp comes on, we'll go downstairs together."
text.last_light_m5.last_light_line_intro_025,录音机和信纸并排放在栏杆上。你可以现在播放最后一段录音，也可以先写一封回信，把倾听留到真正见面的那一天。,錄音機和信紙並排放在欄杆上。你可以現在播放最後一段錄音，也可以先寫一封回信，把傾聽留到真正見面的那一天。,テープレコーダーと便箋が手すりの上に並んでいる。今すぐ最後の録音を再生してもいいし、先に返事を書いて、耳を傾けるのを本当に会える日に取っておいてもいい。,"The recorder and the writing paper sit side by side on the railing. You can play the last part of the recording now, or write a reply first and save the listening for the day you meet in person."
text.last_light_m5.last_light_line_common_001,夕阳终于退到楼群后面。天台仍是来时的天台，栏杆上的水已经干了。你们把纸张和电池收好，只留最后一盏门灯照着台阶。,夕陽終於退到樓群後面。天台仍是來時的天台，欄杆上的水已經乾了。你們把紙張和電池收好，只留最後一盞門燈照著階梯。,夕日がようやく建物の向こうへ沈んだ。屋上は来た時と同じ屋上で、手すりの水滴ももう乾いている。君たちは紙と電池を片づけ、階段を照らす最後の一灯だけを残した。,"The sun had finally slipped behind the buildings. The rooftop was the same rooftop we had come up to, and the water on the railing had dried. You packed away the paper and the batteries, leaving only the last entry lamp shining on the steps."
text.last_light_m5.last_light_line_common_002,刚才我一直在想，什么时候才算告别完成。现在又觉得，也许不用给它盖一个章。能把想说的话认真说一次，就已经很好。,剛才我一直在想，什麼時候才算告別完成。現在又覺得，也許不用給它蓋一個章。能把想說的話認真說一次，就已經很好。,さっきまで、いつになったら別れが終わるんだろうと考えていた。でも今は、終わりに判を押す必要なんてない気がする。言いたかったことを一度ちゃんと言えたなら、それでいい。,"I kept wondering when a goodbye counts as finished. Now I think maybe it doesn't need a stamp on it. Saying the things you wanted to say, once, seriously — that's already enough."
text.last_light_m5.last_light_line_common_003,（我看着她。一个傍晚没有改变所有事情，没寄出的画也不会因此变得更漂亮。但我愿意让别人看见它了，这一点是真的。）,（我看著她。一個傍晚沒有改變所有事情，沒寄出的畫也不會因此變得更漂亮。但我願意讓別人看見它了，這一點是真的。）,（彼女を見ていた。一つの夕暮れがすべてを変えるわけじゃないし、送らなかった絵がうまくなるわけでもない。それでも、誰かに見せてもいいと思えた。それだけは本当だ。）,"(I looked at her. One evening doesn't change everything, and the painting I never sent won't become any better because of it. But I am willing to let someone see it now. That part is true.)"
text.last_light_m5.last_light_line_common_004,你听见楼下的车声了吗？刚来的时候我觉得它们好吵。现在倒觉得，这些普通的声音让人放心，世界还在等我们回去。,你聽見樓下的車聲了嗎？剛來的時候我覺得它們好吵。現在倒覺得，這些普通的聲音讓人放心，世界還在等我們回去。,下の車の音、聞こえる？来たばかりの頃はうるさいと思っていた。今はむしろ、こういう普通の音が安心させる。世界はまだ、僕たちが戻るのを待っているんだ。,"Do you hear the cars down below? When we first came up I thought they were so loud. Now they're reassuring, somehow — ordinary sounds, and a world that is still waiting for us to come back."
text.last_light_m5.last_light_line_common_005,周砚提起盒子，走到门边，又转身等你们。林晚把最后一张信纸收进口袋。两个人一左一右，给你留出走向楼梯的空隙。,周硯提起盒子，走到門邊，又轉身等你們。林晚把最後一張信紙收進口袋。兩個人一左一右，給你留出走向樓梯的空隙。,周硯が箱を持ち上げ、扉のそばまで歩いてから振り返り、君たちを待つ。林晚は最後の便箋をポケットにしまった。二人が左右に分かれ、階段へ向かうための隙間を空けてくれる。,"Zhou Yan picked up the box, walked to the door, then turned back to wait for you. Lin Wan tucked the last sheet of writing paper into her pocket. One on each side, they left you a gap to walk through toward the stairs."
text.last_light_m5.last_light_line_common_006,门我来关。先检查一下有没有落东西，尤其是那支一路借来借去的笔。重要的告别，也不能成为丢东西的理由。,門我來關。先檢查一下有沒有落東西，尤其是那支一路借來借去的筆。重要的告別，也不能成為丟東西的理由。,扉は俺が閉める。まず忘れ物がないか確認しよう。とくに、ずっと貸したり借りたりしていたあのペンを。大事な別れだって、物をなくす理由にはならない。,I'll close the door. First check that nothing's been left behind — especially that pen we kept lending back and forth. An important goodbye isn't an excuse for losing things.
text.last_light_m5.last_light_line_common_007,在我这里。明天还你，不，等一下，现在就还。我们今晚不是刚学会别把每件小事都推到明天吗？,在我這裡。明天還你，不，等一下，現在就還。我們今晚不是剛學會別把每件小事都推到明天嗎？,私が持ってる。明日返す——ううん、待って、今返す。今夜、小さなことまで明日に延ばさないって覚えたばかりじゃない？,"It's with me. I'll give it back tomorrow — no, wait, I'll give it back now. Didn't we just learn tonight not to push every little thing off to tomorrow?"
text.last_light_m5.last_light_line_common_008,三个人笑起来。等待、遗憾、结尾，这些刚才还很沉的词，忽然可以和一支找回来的笔、一段下楼的路放在同一个口袋里。,三個人笑起來。等待、遺憾、結尾，這些剛才還很沉的詞，忽然可以和一支找回來的筆、一段下樓的路放在同一個口袋裡。,三人で笑った。待つこと、心残り、結末——さっきまで重たかったその言葉たちが、急に、見つかった一本のペンや階下へ降りる道のりと同じポケットに入る。,"The three of us laughed. Waiting, regret, endings — words that had felt so heavy a moment ago could suddenly share the same pocket as a found pen and a walk down the stairs."
text.last_light_m5.last_light_line_common_009,（我没有立刻拿出手机确认回复。第一次，沉默没有催促我编出一个坏的答案。我知道消息已经发出，也知道自己仍然可以继续往前走。）,（我沒有立刻拿出手機確認回覆。第一次，沉默沒有催促我編出一個壞的答案。我知道訊息已經發出，也知道自己仍然可以繼續往前走。）,（すぐにスマホを取り出して返事を確かめたりはしなかった。沈黙が、悪い答えをでっち上げるよう急かしてこないのは初めてだ。メッセージはもう送った。それでも僕は、まだ先へ進める。）,"(I didn't take out my phone to check for a reply right away. For the first time, the silence didn't push me to invent a bad answer. I know the message is sent, and I know I can still keep walking forward.)"
text.last_light_m5.last_light_line_common_010,给今晚起个名字吧。以后说起来，不用每次都从那张节目单讲起。,給今晚起個名字吧。以後說起來，不用每次都從那張節目單講起。,今夜に名前をつけよう。これから話すとき、いちいちあの番組表から説明しなくて済むように。,"Let's give tonight a name. That way, when we talk about it later, we won't have to start from that program list every time."
text.last_light_m5.last_light_line_common_011,就叫“最后一盏灯”。不是永远不会熄灭的灯，是有人关好门以后，愿意和你一起往前走的那一盏。,就叫「最後一盞燈」。不是永遠不會熄滅的燈，是有人關好門以後，願意和你一起往前走的那一盞。,「最後の一灯」でいい。永遠に消えない灯じゃない。誰かがちゃんと扉を閉めたあと、一緒に前に進もうとしてくれる、その一灯だ。,"Let's call it “The Last Lamp.” Not a lamp that never goes out, but the one someone leaves after they've shut the door properly — the one that's willing to walk forward with you."
text.last_light_m5.last_light_line_common_012,我们一起念了一遍这个名字。周砚提起盒子，先侧身拉开门；林晚按住被风吹起的纸页，跟着他走下台阶。楼梯间的光照亮两人的影子，又随着脚步一点点退出天台。,我們一起念了一遍這個名字。周硯提起盒子，先側身拉開門；林晚按住被風吹起的紙頁，跟著他走下階梯。樓梯間的光照亮兩人的影子，又隨著腳步一點點退出天台。,三人でその名前を一度口にした。周硯が箱を持ち上げ、体を横にして扉を開ける。林晚は風にめくられる紙を押さえ、彼のあとを追って階段を降りた。階段室の光が二人の影を照らし、足音とともに少しずつ屋上から遠ざかっていく。,"We said the name once, together. Zhou Yan picked up the box and turned sideways to pull the door open; Lin Wan held down the pages the wind was lifting and followed him down the steps. The light in the stairwell lit their two shadows, then withdrew from the rooftop bit by bit with their footsteps."
text.last_light_m5.last_light_line_common_013,（下一次见面时，我也许还会紧张，话也未必说得更漂亮。但我不必把自己变成另一个人，才有资格按下播放，或者寄出一封信。）,（下一次見面時，我也許還會緊張，話也未必說得更漂亮。但我不必把自己變成另一個人，才有資格按下播放，或者寄出一封信。）,（次に会うときも、たぶん緊張するし、うまいことも言えないだろう。それでも、再生ボタンを押すためや、手紙を出すために、別人になる必要なんてない。）,"(The next time we meet, I'll probably still be nervous, and I may not say anything any better. But I don't have to turn into someone else to earn the right to press play, or to send a letter.)"
text.last_light_m5.last_light_line_common_014,门轻轻合上。空下来的天台只剩晚风，窗灯倒映在水迹里。今晚的故事在这里停下，明天的那一页，仍留着可以继续书写的位置。,門輕輕合上。空下來的天台只剩晚風，窗燈倒映在水跡裡。今晚的故事在這裡停下，明天的那一頁，仍留著可以繼續書寫的位置。,扉がそっと閉まる。空になった屋上には夕風だけが残り、窓の灯りが水たまりに映っている。今夜の物語はここで止まる。明日のページには、まだ書き続けられる余白が残されている。,"The door closed softly. On the emptied rooftop there was only the evening wind, and window lights reflected in the traces of water. Tonight's story stops here; tomorrow's page still has room left to be written on."
text.last_light_m5.last_light_line_letter_001,那我们先写信。等下次见到她，再当面问一句：现在可以一起听吗？我不想把这次暂缓，写成又一次没有下文。,那我們先寫信。等下次見到她，再當面問一句：現在可以一起聽嗎？我不想把這次暫緩，寫成又一次沒有下文。,じゃあ、先に手紙を書こう。次に彼女に会ったとき、直接聞けばいい。「今、一緒に聞いてもいいですか」って。今回の保留を、またしても続きのない話にはしたくない。,"Then let's write the letter first. Next time we see her, we can ask her face to face: can we listen together now? I don't want this pause to turn into one more thing that goes nowhere."
text.last_light_m5.last_light_line_letter_002,周砚关掉录音机，将它放回盒子里。林晚侧身让出位置，他抱着盒子绕到左边；她沿着矮墙走到右侧，把纸铺平。两人换了个位置，为我留出中间那一小块可以落笔的地方。,周硯關掉錄音機，將它放回盒子裡。林晚側身讓出位置，他抱著盒子繞到左邊；她沿著矮牆走到右側，把紙鋪平。兩人換了個位置，為我留出中間那一小塊可以落筆的地方。,周硯がテープレコーダーを止め、箱に戻す。林晚が体を引いて場所を空けると、彼は箱を抱えて左へ回り、彼女は低い壁沿いに右へ移って紙を広げた。二人は位置を入れ替わり、僕のために筆を下ろせる小さな一区画を空けてくれた。,"Zhou Yan switched off the recorder and put it back in its box. Lin Wan stepped aside to make room; he carried the box around to the left, and she walked along the low wall to the right and smoothed the paper flat. The two of them traded places, leaving me that small patch in the middle to write on."
text.last_light_m5.last_light_line_letter_003,别写“等我们全部准备好”。那句话太大了。我建议写一个确切的日子，再给对方一个可以拒绝或改期的余地。,別寫「等我們全部準備好」。那句話太大了。我建議寫一個確切的日子，再給對方一個可以拒絕或改期的餘地。,「全部準備ができたら」とは書くな。あの言葉は大きすぎる。具体的な日付を書いて、相手が断ったり延期したりできる余地を残すのがいい。,"Don't write “once we're all ready.” That sentence is too big. I'd suggest naming a specific day, and leaving the other person room to decline or reschedule."
text.last_light_m5.last_light_line_letter_004,（我握着笔，先写了“对不起”，又停住。也许这封信不需要从道歉开始。我们可以先告诉她，信已经被看见，人也都平安。）,（我握著筆，先寫了「對不起」，又停住。也許這封信不需要從道歉開始。我們可以先告訴她，信已經被看見，人也都平安。）,（ペンを握り、「ごめんなさい」と書きかけて、手を止めた。この手紙は、謝罪から始めなくてもいいのかもしれない。まず伝えられることがある。手紙はちゃんと見つかった、みんな無事だと。）,"(I held the pen, wrote “I'm sorry,” and stopped. Maybe this letter doesn't have to begin with an apology. We can tell her first that the letter has been found, and that all of us are safe.)"
text.last_light_m5.last_light_line_letter_005,你写：“许老师，今天我们在天台找到了最后一张节目单。雨停了，旧楼的灯很好看。我们想邀请您下周六回来坐一会儿。”,你寫：「許老師，今天我們在天台找到了最後一張節目單。雨停了，舊樓的燈很好看。我們想邀請您下週六回來坐一會兒。」,君はこう書く。「許先生、今日、僕たちは屋上で最後の番組表を見つけました。雨は上がり、古い校舎の灯りがきれいです。よかったら、来週の土曜に少しだけ戻っていらっしゃいませんか」,"You write: “Ms. Xu, today we found the last program list on the rooftop. The rain has stopped, and the lights on the old building look beautiful. We'd like to invite you back next Saturday to sit with us for a while.”"
text.last_light_m5.last_light_line_letter_006,后面再加一句，如果不方便，回一张薄荷的照片也可以。她看到肯定会笑，说我们终于学会给活动留备用方案了。,後面再加一句，如果不方便，回一張薄荷的照片也可以。她看到肯定會笑，說我們終於學會給活動留備用方案了。,そのあとに一文足そう。都合が悪ければ、ミントの写真を一枚返してくれるだけでもいい、と。きっと彼女は笑うはずだ。「やっと行事に代替案を用意することを覚えたね」って。,"Add one more line after that — if it's inconvenient, a photo of the mint will do. She'll definitely laugh when she reads it and say we've finally learned to keep a backup plan for an event."
text.last_light_m5.last_light_line_letter_007,也写清楚，不用带新的节目稿。我们不是请她补交一份作业，只是想见面。,也寫清楚，不用帶新的節目稿。我們不是請她補交一份作業，只是想見面。,はっきり書いておけ。新しい台本は要らない、と。宿題を出し直してもらうんじゃない。ただ会いたいだけだ。,"Write it clearly, too: no need to bring a new script. We're not asking her to hand in a late assignment — we just want to see her."
text.last_light_m5.last_light_line_letter_008,周砚俯身凑过来，在纸角添上一行字。林晚伸手替他压住被风掀起的纸边，他便退到她身后，让出光线。三种不同的笔迹挤在一起，有一笔写歪了，还有一处没擦干的水印，不够整齐，却很像我们。,周硯俯身湊過來，在紙角添上一行字。林晚伸手替他壓住被風掀起的紙邊，他便退到她身後，讓出光線。三種不同的筆跡擠在一起，有一筆寫歪了，還有一處沒擦乾的水印，不夠整齊，卻很像我們。,周硯が身をかがめて近づき、紙の端に一行書き足した。林晚が手を伸ばして、風でめくれる紙の縁を押さえる。彼は彼女の後ろへ下がり、光を譲った。三種類の筆跡が寄り集まり、一本は傾き、乾ききっていない染みもある。整ってはいないけれど、僕たちらしかった。,"Zhou Yan leaned in and added a line at the corner of the page. Lin Wan reached over to hold down the edge the wind was lifting, and he stepped back behind her to give up the light. Three different handwritings crowded together — one stroke slanted, one watermark not quite dry. Not tidy, but very much like us."
text.last_light_m5.last_light_line_letter_009,（我突然不想重新抄一遍。那些不整齐的地方，正好说明写信的时候，风在吹，人也都真的在这里。）,（我突然不想重新抄一遍。那些不整齊的地方，正好說明寫信的時候，風在吹，人也都真的在這裡。）,（急に、書き直したくなくなった。あの整っていない部分こそ、手紙を書いていたとき風が吹いていて、みんなが本当にここにいた証拠だ。）,"(Suddenly I didn't want to copy it out again. Those uneven places are exactly what shows that the wind was blowing while we wrote, and that all of us were really here.)"
text.last_light_m5.last_light_line_letter_010,我原来以为，今晚不听就是退缩。现在发现，把“以后”写成下周六，也需要一点勇气。,我原來以為，今晚不聽就是退縮。現在發現，把「以後」寫成下週六，也需要一點勇氣。,今夜聞かないのは、逃げることだと思っていた。でも今はわかる。「いつか」を来週の土曜日と書き換えるのにも、少しの勇気がいる。,I used to think not listening tonight would be backing down. Now I see that turning “someday” into next Saturday takes a bit of courage too.
text.last_light_m5.last_light_line_letter_011,还需要记得按时去。答应之前想清楚，答应以后留出时间，比说一句好听的话麻烦得多。,還需要記得按時去。答應之前想清楚，答應以後留出時間，比說一句好聽的話麻煩得多。,それに、ちゃんとその日に行くことも忘れちゃいけない。約束する前に考え抜いて、約束したら時間を空けておく。きれいな一言を言うより、ずっと面倒なことだ。,"And you have to remember to actually show up. Thinking it through before you agree, then making time after you agree, is far more trouble than saying something nice."
text.last_light_m5.last_light_line_letter_012,你们把信拍成照片，发给许老师。纸质原件仍装回信封，准备下次亲手交给她。录音安静地留在盒子里，不再像一件必须立刻解决的事。,你們把信拍成照片，傳給許老師。紙本原件仍裝回信封，準備下次親手交給她。錄音安靜地留在盒子裡，不再像一件必須立刻解決的事。,君たちは手紙を写真に撮り、許先生へ送った。紙の原本は封筒に戻し、次に会ったとき直接手渡すつもりだ。録音は静かに箱の中に残る。もう、すぐに片づけなければならない用件には見えない。,"You photographed the letter and sent it to Ms. Xu. The paper original went back into the envelope, ready to be handed to her in person next time. The recording stayed quietly in its box, no longer looking like something that had to be settled at once."
text.last_light_m5.last_light_line_letter_013,老师回复了：“下周三可以。我带茶吧，你们别带太多东西。”周砚低头看完，轻轻点了点头。那句话把我们等了很久的事，放回一个可以慢慢商量的位置。,老師回覆了：「下週三可以。我帶茶吧，你們別帶太多東西。」周硯低頭看完，輕輕點了點頭。那句話把我們等了很久的事，放回一個可以慢慢商量的位置。,先生から返事が来た。「来週の水曜なら大丈夫です。お茶は私が持っていきますから、あまりたくさん持ってこないでください」周硯はうつむいて読み終え、小さくうなずいた。その一言は、長く待っていたことを、ゆっくり相談できる場所へ戻してくれた。,She replied: “Wednesday works. I'll bring the tea — don't carry too much with you.” Zhou Yan read it with his head lowered and gave a small nod. That one line put the thing we'd waited so long for back somewhere it could be discussed slowly.
text.last_light_m5.last_light_line_letter_014,（我也给朋友发去消息：那幅画还在，你下周有空吗？这一次，我没有用一个含糊的“有机会”，把话推到谁也找不到的地方。）,（我也給朋友傳去訊息：那幅畫還在，你下週有空嗎？這一次，我沒有用一個含糊的「有機會」，把話推到誰也找不到的地方。）,（僕も友達にメッセージを送った。あの絵はまだある。来週、時間ある？今度は、曖昧な「そのうち」で、誰にも届かない場所まで話を先送りしたりはしなかった。）,(I sent a message to my friend too: the painting is still here — are you free next week? This time I didn't shove the words somewhere no one could find them with a vague “if there's a chance.”)
text.last_light_m5.last_light_line_letter_015,你的信也发出去了？那今晚的邮局可以下班了。剩下的事，我们各自记在日历上。,你的信也寄出去了？那今晚的郵局可以下班了。剩下的事，我們各自記在行事曆上。,君の手紙も送ったのか？なら今夜の郵便局は閉店だな。あとは各自、カレンダーに書き込んでおこう。,"Your letter is out too? Then tonight's post office can close up. The rest, we'll each write down on our calendars."
text.last_light_m5.last_light_line_letter_016,你在手机里记下时间。小小的方格容不下所有复杂心情，却容得下一个地点、一个日期和一句“别忘了带画”。,你在手機裡記下時間。小小的方格容不下所有複雜心情，卻容得下一個地點、一個日期和一句「別忘了帶畫」。,君はスマホに日時を書き込む。小さな升目に、複雑な気持ちのすべては収まらない。それでも、場所と日付と、「絵を忘れずに」の一言なら収まる。,"You note the time in your phone. The little grid can't hold every complicated feeling, but it can hold a place, a date, and one line: “don't forget the painting.”"
text.last_light_m5.last_light_line_letter_017,我知道明天可能还会犹豫。但至少到时候，我可以回来看看今晚写下的字，提醒自己这不是一时随口说说。,我知道明天可能還會猶豫。但至少到時候，我可以回來看看今晚寫下的字，提醒自己這不是一時隨口說說。,明日になったら、また迷うかもしれない。それでもそのときは、今夜書いた文字を見に戻れる。これは思いつきで口にしたことじゃない、と自分に言える。,"I know I might hesitate again tomorrow. But at least then I can come back and look at what I wrote tonight, and remind myself this wasn't just something I said in passing."
text.last_light_m5.last_light_line_letter_018,犹豫的时候可以再商量。做了选择，也不代表从此只能一个人撑着。,猶豫的時候可以再商量。做了選擇，也不代表從此只能一個人撐著。,迷ったときは、また相談すればいい。一度選んだからといって、これから先ずっと一人で抱えていかなければならないわけじゃない。,"When you hesitate, we can talk it over again. Making a choice doesn't mean you have to carry it alone from then on."
text.last_light_m5.last_light_line_letter_019,没有响起的录音没有消失。它和折好的信一起，被你们妥善放进盒子。你忽然懂得，暂时停下和悄悄放弃，原来可以有完全不同的样子。,沒有響起的錄音沒有消失。它和折好的信一起，被你們妥善放進盒子。你忽然懂得，暫時停下和悄悄放棄，原來可以有完全不同的樣子。,鳴らなかった録音は、消えてしまったわけじゃない。折りたたんだ手紙と一緒に、君たちの手で丁寧に箱へ収められた。一時的に止まることと、こっそり諦めることは、まったく違う形をしていいのだと、君はふと理解する。,"The recording that never played didn't disappear. It went into the box, carefully, together with the folded letter. And you suddenly understand that pausing for now and quietly giving up can look completely different."
text.last_light_m5.last_light_line_letter_020,林晚将盒子抱紧，周砚记下下次见面的时间。你们没有补上过去的全部空白，只给明天留下了一件能够真正去做的小事。,林晚將盒子抱緊，周硯記下下次見面的時間。你們沒有補上過去的全部空白，只給明天留下了一件能夠真正去做的小事。,林晚は箱を抱きしめ、周硯は次に会う時間を書き留めた。過去の空白を全部埋めたわけじゃない。ただ明日に、本当に実行できる小さなことを一つ残しただけだ。,Lin Wan hugged the box tight; Zhou Yan wrote down when they'd meet next. You didn't fill in every blank from the past — you only left tomorrow one small thing that could actually be done.
text.last_light_m5.last_light_line_radio_001,那就现在听吧。不是把这一年追回来，只是让我们终于知道，停电之后，她原本还想说什么。,那就現在聽吧。不是把這一年追回來，只是讓我們終於知道，停電之後，她原本還想說什麼。,じゃあ、今聞こう。この一年を取り戻すためじゃない。停電のあと、彼女が本当は何を言いたかったのかを、ようやく知るためだ。,"Then let's listen now. Not to win back this past year, but so we finally learn what she had meant to say after the blackout."
text.last_light_m5.last_light_line_radio_002,周砚按下播放键。短促的提示音过后，先响起一段空白。你几乎以为录音损坏了，随后才听见很轻的呼吸和翻动纸张的声音。,周硯按下播放鍵。短促的提示音過後，先響起一段空白。你幾乎以為錄音壞了，隨後才聽見很輕的呼吸和翻動紙張的聲音。,周硯が再生ボタンを押す。短い電子音のあと、まず流れてきたのは空白だった。録音が壊れているのかと思うほどで、そのあとにようやく、ごく小さな呼吸と紙をめくる音が聞こえてくる。,"Zhou Yan pressed play. After a short beep, the first thing that came out was silence. You almost thought the tape was damaged — then came a very soft breath, and the sound of paper being turned."
text.last_light_m5.last_light_line_radio_003,开头留了几秒空白。我以前总想把它剪掉，现在却觉得，这几秒让人知道，她也是想了很久才开口。,開頭留了幾秒空白。我以前總想把它剪掉，現在卻覺得，這幾秒讓人知道，她也是想了很久才開口。,最初に数秒の空白が残っている。昔はいつも切りたくなっていた。でも今は、この数秒があるからこそ、彼女も長いこと迷ってから口を開いたのだとわかる気がする。,"There are a few seconds of silence at the start. I always used to want to cut them out; now I think those seconds show that she, too, thought for a long time before she spoke."
text.last_light_m5.last_light_line_radio_004,（原来只有一句话要说的时候，也可以先沉默。录音没有因为这段空白失去意义，我那些笨拙的开头，也不必全部擦掉。）,（原來只有一句話要說的時候，也可以先沉默。錄音沒有因為這段空白失去意義，我那些笨拙的開頭，也不必全部擦掉。）,（言いたいことが一言だけのときも、先に黙っていていいんだ。空白のせいで録音の意味が失われるわけじゃない。僕のぎこちない書き出しも、全部消さなくていい。）,"(So even when you only have one sentence to say, you're allowed to be silent first. The silence doesn't cost the recording its meaning, and I don't have to erase every clumsy beginning of mine.)"
text.last_light_m5.last_light_line_radio_005,录音里的老师没有发表长篇告别。她感谢值班同学关好门窗，提醒大家带走雨伞，又说如果明天还下雨，节目可以晚一点再播。,錄音裡的老師沒有發表長篇告別。她感謝值班同學關好門窗，提醒大家帶走雨傘，又說如果明天還下雨，節目可以晚一點再播。,録音の中の先生は、長い別れの挨拶などしなかった。当番の生徒に窓や扉を閉めてくれてありがとうと言い、傘を忘れずに持って帰るようにと伝え、明日も雨なら番組は少し遅らせてもいいと付け加えた。,"The teacher on the recording didn't make a long farewell speech. She thanked the student on duty for closing the windows and doors, reminded everyone to take their umbrellas, and added that if it rained again tomorrow, the show could start a little later."
text.last_light_m5.last_light_line_radio_006,我记得她那天一直在笑。我以为她一点也不紧张，原来稿纸翻了那么多次。那时候我们站得很近，却没有认真听过。,我記得她那天一直在笑。我以為她一點也不緊張，原來稿紙翻了那麼多次。那時候我們站得很近，卻沒有認真聽過。,あの日、彼女はずっと笑っていた。少しも緊張していないのだと思っていた。実際には、台本を何度もめくっていたのだ。あのとき僕たちはすぐ近くに立っていたのに、ちゃんと聞いてはいなかった。,"I remember she was smiling the whole time that day. I thought she wasn't nervous at all — turns out she turned those script pages again and again. We were standing so close then, and yet we never really listened."
text.last_light_m5.last_light_line_radio_007,在现场的人也会错过很多东西。现在听见，并不意味着那时的我们做错了什么。那天大家都在忙着接住眼前的雨。,在現場的人也會錯過很多東西。現在聽見，並不意味著那時的我們做錯了什麼。那天大家都在忙著接住眼前的雨。,その場にいた人間だって、たくさんのものを聞き逃す。今になって聞こえたからといって、あの頃の僕たちが何かを間違えたわけじゃない。あの日はみんな、目の前の雨を受け止めるのに必死だった。,"Even the people who were there miss a great deal. Hearing it now doesn't mean we did something wrong back then. That day, everyone was busy catching the rain in front of them."
text.last_light_m5.last_light_line_radio_008,你想到自己曾经等过一个很长的解释，后来连等的是什么都模糊了。可这段录音没有解释所有事情，只把一个普通下午，完整地交还给你们。,你想到自己曾經等過一個很長的解釋，後來連等的是什麼都模糊了。可這段錄音沒有解釋所有事情，只把一個普通下午，完整地交還給你們。,君は思い出す。ずっと長い説明を待っていたことがあった。そのうち、何を待っていたのかさえ曖昧になっていった。この録音はすべてを説明してはくれない。ただ、ありふれた午後を一つ、そのまま君たちに返してくれた。,"You remember waiting a long time for an explanation, until even what you were waiting for grew blurry. This recording doesn't explain everything — it just hands one ordinary afternoon back to you, whole."
text.last_light_m5.last_light_line_radio_009,她说，没能完成的节目不必补成完美版本。愿意再来的人，下次见；已经往前走的人，也不用为没回头道歉。,她說，沒能完成的節目不必補成完美版本。願意再來的人，下次見；已經往前走的人，也不用為沒回頭道歉。,彼女は言う。完成できなかった番組を、完璧な形に作り直す必要はない。また来たいと思う人は、次の機会に。もう先へ進んだ人は、振り返らなかったことを謝らなくていい。,"She says the show that never finished doesn't have to be remade into a perfect version. Those who want to come again, see you next time; and those who have already moved on don't need to apologize for not looking back."
text.last_light_m5.last_light_line_radio_010,（我一直以为，有回应才算走完一段路。原来有人愿意说“你可以继续走”，也已经是一种回应。）,（我一直以為，有回應才算走完一段路。原來有人願意說「你可以繼續走」，也已經是一種回應。）,（返事があってこそ、一区切りつくのだと思っていた。誰かが「そのまま進んでいい」と言ってくれること自体が、もう返事なのだと知る。）,(I always thought a stretch of road was only finished once there was a reply. So someone being willing to say “you can keep going” is already a reply.)
text.last_light_m5.last_light_line_radio_011,最后还有一句。别急着关，听完再说。,最後還有一句。別急著關，聽完再說。,最後にもう一言ある。急いで止めるな、最後まで聞いてからにしよう。,There's one more line at the end. Don't turn it off yet — listen to the whole thing first.
text.last_light_m5.last_light_line_radio_012,你们屏住呼吸。远处车辆驶过，风把杂音吹得很薄。录音在一句轻轻的“晚安”之后停下，机器仍然亮着，像是在等一个不必说出口的回答。,你們屏住呼吸。遠處車輛駛過，風把雜音吹得很薄。錄音在一句輕輕的「晚安」之後停下，機器仍然亮著，像是在等一個不必說出口的回答。,君たちは息を止める。遠くを車が通り過ぎ、風が雑音を薄く吹き流していく。録音は、そっとした「おやすみ」の一言のあとで止まった。機械の灯りはまだついたままで、口に出さなくてもいい返事を待っているようだった。,"You hold your breath. A car passes in the distance, and the wind thins the static away. The recording stops after one quiet “goodnight”; the machine is still lit, as if waiting for an answer that doesn't need to be spoken."
text.last_light_m5.last_light_line_radio_013,晚安，许老师。迟了一年，也还是想说给你听。,晚安，許老師。遲了一年，也還是想說給妳聽。,おやすみなさい、許先生。一年遅れでも、やっぱりあなたに伝えたい。,"Goodnight, Ms. Xu. A year late, and I still want you to hear it."
text.last_light_m5.last_light_line_radio_014,我把今天的日期写在标签背面吧。不覆盖原来的日期，这两天都值得留下。,我把今天的日期寫在標籤背面吧。不覆蓋原來的日期，這兩天都值得留下。,今日の日付を、ラベルの裏に書いておくよ。元の日付は消さない。どちらの日も、残しておく価値がある。,I'll write today's date on the back of the label. I won't cover the old one — both days are worth keeping.
text.last_light_m5.last_light_line_radio_015,林晚拿出笔，在旧标签旁边补上一行小字。没有人撕掉发黄的部分，也没有人把中间的空白涂满。过去和今晚，终于可以放在同一个盒子里。,林晚拿出筆，在舊標籤旁邊補上一行小字。沒有人撕掉發黃的部分，也沒有人把中間的空白塗滿。過去和今晚，終於可以放在同一個盒子裡。,林晚がペンを取り出し、古いラベルの横に小さく一行書き足す。黄ばんだ部分を破り取る者もいなければ、間の空白を塗りつぶす者もいない。過去と今夜は、ようやく同じ箱に収まることができる。,"Lin Wan took out a pen and added a small line beside the old label. No one tore off the yellowed part, and no one filled in the blank in between. The past and tonight could finally go into the same box."
text.last_light_m5.last_light_line_radio_016,（我把那幅旧画拍下来。这一次，我没有调整到看不出笔触，也没有解释为什么画得不好。我只问：你现在方便看一张以前的画吗？）,（我把那幅舊畫拍下來。這一次，我沒有調整到看不出筆觸，也沒有解釋為什麼畫得不好。我只問：你現在方便看一張以前的畫嗎？）,（僕はあの古い絵を写真に撮った。今度は、筆の跡が見えなくなるまで調整したり、下手な理由を説明したりはしなかった。ただ、こう聞いた。今、昔の絵を一枚見てもらってもいい？）,"(I photographed that old painting. This time I didn't adjust it until the brushstrokes vanished, and I didn't explain why it wasn't painted well. I only asked: would you mind looking at a painting from a while ago?)"
text.last_light_m5.last_light_line_radio_017,发出去了？不用给我们看。看你的表情，我就知道有一件事已经走到了下一步。,寄出去了？不用給我們看。看你的表情，我就知道有一件事已經走到了下一步。,送った？見せなくていい。その顔を見れば、何かが次の一歩に進んだってわかる。,It's sent? You don't have to show us. One look at your face and I know something has moved on to its next step.
text.last_light_m5.last_light_line_radio_018,接下来就轮到等待了。不过这一次，等待的前面有一个你自己按下的发送键。,接下來就輪到等待了。不過這一次，等待的前面有一個你自己按下的傳送鍵。,あとは待つ番だ。ただし今回は、その待つ時間の手前に、君自身が押した送信ボタンがある。,"Now it's waiting's turn. Only this time, the waiting is preceded by a send button you pressed yourself."
text.last_light_m5.last_light_line_radio_019,手机暂时没有回应。你把它放进口袋，听见录音机停止转动。今晚没有突然变得圆满，但那句被截断的晚安，确实已经有人听见。,手機暫時沒有回應。你把它放進口袋，聽見錄音機停止轉動。今晚沒有突然變得圓滿，但那句被截斷的晚安，確實已經有人聽見。,スマホはすぐには応えない。君はそれをポケットにしまい、テープレコーダーが止まる音を聞く。今夜が急に完璧になったわけじゃない。それでも、途切れていた「おやすみ」を、確かに誰かが聞いた。,"The phone doesn't answer right away. You put it in your pocket and hear the recorder stop turning. Tonight didn't suddenly become whole, but that goodnight, cut off so long ago, has truly been heard by someone."
text.last_light_m5.last_light_line_radio_020,你们收好录音机，约定以后再听时，不必每次都把今晚讲得郑重。它也可以只是一个下雨后、恰好有人愿意留下的傍晚。,你們收好錄音機，約定以後再聽時，不必每次都把今晚講得鄭重。它也可以只是一個下雨後、恰好有人願意留下的傍晚。,君たちはテープレコーダーを片づけ、次に聞くときは、毎回今夜のことを厳かに語り直さなくていいと決めた。それは、雨が上がったあと、たまたま誰かが残ろうと思った、ただの夕暮れでもいい。,"You put the recorder away and agreed that next time you listen, you won't have to retell tonight so solemnly every time. It can also just be an evening after the rain, when someone happened to be willing to stay."
option.last_light_m5.last_light_choose_radio,现在播放录音，一起听完那句晚安,現在播放錄音，一起聽完那句晚安,今すぐ録音を再生して、あの「おやすみ」を最後まで一緒に聞く,"Play the recording now, and listen to that goodnight together"
option.last_light_m5.last_light_choose_letter,先写一封回信，约定下次当面听,先寫一封回信，約定下次當面聽,先に返事を書いて、次に直接会って聞く約束をする,"Write a reply first, and agree to listen in person next time"
option.last_light_m5.last_light_heard_route,有人听见,有人聽見,誰かが聞いた,Someone heard it
prompt.last_light_m5.last_light_choice,今晚，你想先迈出哪一步？,今晚，你想先邁出哪一步？,今夜、まずどの一歩を踏み出したい？,Which step would you like to take first tonight?
chapter.last_light_m5.last_light_ch01,最后一盏灯,最後一盞燈,最後の一灯,The Last Lamp
story.last_light_m5,最后一盏灯 · 完整示例,最後一盞燈 · 完整範例,最後の一灯・完全版サンプル,The Last Lamp · Full Sample
character.CMH_inner,我,我,私,Me
character.CMH_sy,室友,室友,ルームメイト,Roommate
character.CMH_mq,母亲,母親,母,Mother
character.CMH_dy,导员,輔導員,指導教員,Counselor
character.CMH_lxz_r,林夕染,林夕染,林夕染,Lin Xiran
character.CMH_srq,申箬青,申箬青,申箬青,Shen Ruoqing
character.CMH_zz,镇长,鎮長,町長,Mayor
text.0942d3f17d504f01ba64169b17e2a578.7520a61c920742068a5b93ca61e7bafd,序章,序章,序章,Prologue
text.0942d3f17d504f01ba64169b17e2a578.5b5e61b8dea04fcbb4033dbf02a30f9a,"从今年入伏以来，空气的闷热似乎就没有好转。

","從今年入伏以來，空氣的悶熱似乎就沒有好轉。

","今年の暑さが本格化してから、空気の蒸れは一向に収まらない。

","Since the dog days set in this year, the air hasn't stopped feeling close and stifling.

"
text.0942d3f17d504f01ba64169b17e2a578.c51cb156476743a5a5860a16859c6050,老师一直在讲台上平铺直叙地念着课本上印好的字。我一直在这里坐着，盯着黑板，老师看向我的时候，我还会配合点头微笑，但实际上什么都没听进去。,老師一直在講臺上平鋪直敘地念著課本上印好的字。我一直在這裡坐著，盯著黑板，老師看向我的時候，我還會配合點頭微笑，但實際上什麼都沒聽進去。,先生はずっと教壇で、教科書に印刷された文字を淡々と読み上げている。僕はずっとここに座って黒板を見つめ、先生がこちらを見るたびに合わせてうなずき、笑ってみせる。でも、実際には何も頭に入っていない。,"The teacher has been droning through the printed lines of the textbook from the front of the room. I've been sitting here the whole time, staring at the blackboard; when the teacher looks my way, I still nod and smile on cue — but nothing is actually getting in."
text.0942d3f17d504f01ba64169b17e2a578.23efc9fbb071426ab73b4de0bbed05a5,只是为了不被扣掉那20 %的出勤率分，真的值得吗？,只是為了不被扣掉那20%的出勤率分，真的值得嗎？,あの20%の出席点を落とさないためだけに、本当に価値があるんだろうか？,Just so I don't lose that 20% attendance score — is it really worth it?
text.0942d3f17d504f01ba64169b17e2a578.03e61f5359e640b2b931f35dd12610ce,旁边坐着的室友，我好像从来不记得有把眼睛从手机屏幕上移开过,旁邊坐著的室友，我好像從來不記得有把眼睛從手機螢幕上移開過,隣に座っているルームメイトは、スマホの画面から目を離したところを一度も見た記憶がない,The roommate sitting next to me — I don't think I've ever seen him take his eyes off his phone screen.
text.0942d3f17d504f01ba64169b17e2a578.813194d986fc447c813979826993e388,哎你看这个歌星的瓜,哎你看這個歌星的瓜,ねえ、この歌手のゴシップ見てよ,"Hey, look at this celebrity gossip."
text.0942d3f17d504f01ba64169b17e2a578.a010499c31d7433cb29d751f4d1f9453,嗯,嗯,うん,Mm.
text.0942d3f17d504f01ba64169b17e2a578.5a8519ab46894e0f90555dad54ea4199,他真的好厉害啊,他真的好厲害啊,彼、本当にすごいんだよ,He's seriously amazing.
text.0942d3f17d504f01ba64169b17e2a578.21a2fd8769cd4be99357b00eb53784bf,嗯……,嗯……,うん……,Mm…
text.0942d3f17d504f01ba64169b17e2a578.8779d9f77646428b8fa8c43d2bea1c05,你这个人怎么这么没意思，算了我找别人聊,你這個人怎麼這麼沒意思，算了我找別人聊,あんたってほんとにつまんないね。もういい、他の人と話す,"You're really no fun, you know that? Forget it, I'll go talk to someone else."
text.0942d3f17d504f01ba64169b17e2a578.6680ad975bdb4a92916c3a0b86ba6d0a,……,……,……,……
text.0942d3f17d504f01ba64169b17e2a578.e299f821f1d34d1ba9f59de665f1fd07,那种闷热带来的窒息感似乎盘踞在每一张脸上,那種悶熱帶來的窒息感似乎盤踞在每一張臉上,あの蒸し暑さがもたらす息苦しさは、どの顔にも居座っているようだった,The suffocating weight of the heat seems to have settled on every face in the room.
text.0942d3f17d504f01ba64169b17e2a578.ea3b5dd50e8047738556e712c1bfffe9,（背起书包）老师，我上个厕所,（背起書包）老師，我上個廁所,（かばんを背負って）先生、トイレに行ってきます,"(I pick up my bag.) Teacher, I'm going to the restroom."
text.0942d3f17d504f01ba64169b17e2a578.62d30aefc3804decb659384d79174fed,老师没搭理我，我视为默许，直接从后门出来,老師沒搭理我，我視為默許，直接從後門出來,先生は相手にしなかった。黙認と受け取って、そのまま後ろの扉から出る,The teacher doesn't respond. I take that as permission and walk straight out the back door.
text.0942d3f17d504f01ba64169b17e2a578.a058a2a03827404bafd808de6cd27140,教学楼门口这条路，一直向北走，能走到哪里,教學樓門口這條路，一直向北走，能走到哪裡,校舎の前のこの道を、ずっと北へ歩いていったら、どこまで行けるんだろう,"If I keep walking north along the road outside the classroom building, where does it end?"
text.0942d3f17d504f01ba64169b17e2a578.34db4b4600c543139b579ddb349988dd,你已经两个星期没去上学了，你到底想怎么样？,你已經兩個星期沒去上學了，你到底想怎麼樣？,あんた、もう二週間も学校に行ってないのよ。いったいどうしたいの？,You haven't been to school in two weeks. What exactly do you think you're doing?
text.0942d3f17d504f01ba64169b17e2a578.0bb2efe69fcb4804ac50a8ed1876a5e5,……,……,……,……
text.0942d3f17d504f01ba64169b17e2a578.7d4545dd9d074e739bfdc641e34df2d6,你这个人算是废了,你這個人算是廢了,あんたはもう、おしまいだね,You're a lost cause.
text.0942d3f17d504f01ba64169b17e2a578.23c0b7405d43481d9483fe02fc439af4,嗯。,嗯。,うん。,Mm.
text.0942d3f17d504f01ba64169b17e2a578.73104c71308b453a9ce10c172089c5f4,我就不懂，天天好吃好喝的供着你，有啥好抑郁的。,我就不懂，天天好吃好喝的供著你，有啥好抑鬱的。,毎日おいしいものを食べさせて、不自由なく暮らさせてやってるのに、何がそんなに憂鬱なの。,"I just don't get it. I feed you, I keep you comfortable every day — what's there to be depressed about?"
text.0942d3f17d504f01ba64169b17e2a578.1e99e76442644ed18a5236466c5397bc,……,……,……,……
text.0942d3f17d504f01ba64169b17e2a578.16c2fc7f2bb346f8929bef63ba9a6a44,这是你辅导员给你办好的休学手续，说是两年内想通了还能回去接着读，不然就办退学，你自己看着办吧,這是你輔導員給你辦好的休學手續，說是兩年內想通了還能回去接著讀，不然就辦退學，你自己看著辦吧,これは指導教員が用意してくれた休学の手続きよ。二年以内に気が済んだら戻って続けられるけど、そうでなければ退学になるって。どうするかは自分で決めなさい,This is the leave-of-absence paperwork your counselor arranged. They said you can go back within two years if you sort yourself out — otherwise it becomes a withdrawal. Do whatever you want.
text.0942d3f17d504f01ba64169b17e2a578.9142c22b0dd24abbadbe9ea1b78aa4e2,（接过）ok。,（接過）ok。,（受け取る）オッケー。,(I take it.) OK.
text.0942d3f17d504f01ba64169b17e2a578.f7b924bc112c4984b2eb455b38129e74,附在休学手续上的是辅导员留言,附在休學手續上的是輔導員留言,休学の書類には、指導教員からのメモが添えられていた,Stapled to the leave paperwork is a note from the counselor.
text.0942d3f17d504f01ba64169b17e2a578.da9fc09b0f48405496452ed5f0093e01,“上学的意义我想你都清楚，我也不多劝，不过如果你想换个环境，我有个朋友在县城需要人手，需要的话可以联系13XXXXXXXXX”,「上學的意義我想你都清楚，我也不多勸，不過如果你想換個環境，我有個朋友在縣城需要人手，需要的話可以聯繫13XXXXXXXXX」,「学校に行く意味は君もわかっていると思うから、あまり説教はしないよ。ただ、環境を変えたいなら、知人が県城で人手を探している。必要なら13XXXXXXXXXまで連絡してくれ」,"“I think you understand what school is for, so I won't lecture you. But if you want a change of scenery, a friend of mine in the county town needs an extra pair of hands. Contact 13XXXXXXXXX if you're interested.”"
text.0942d3f17d504f01ba64169b17e2a578.a30612cb533141e095cd290bdd0c1671,终于到了，我还在想你是不是出什么岔子了,終於到了，我還在想你是不是出什麼岔子了,やっと着いたね。何かあったのかと思ってたよ,You're finally here. I was starting to wonder if something had happened to you.
text.0942d3f17d504f01ba64169b17e2a578.5c39b1b3549e46a59c15ffd3496ed6d5,道长好,道長好,道長、こんにちは,"Hello, Priest."
text.0942d3f17d504f01ba64169b17e2a578.8af239b1d9cd42b9982b225582c681ed,{playerName}你好哦，我是拂云观的住持，我叫林夕染，明后天我会办个仪式收{playerName}为临时弟子,{playerName}你好哦，我是拂雲觀的住持，我叫林夕染，明後天我會辦個儀式收{playerName}為臨時弟子,{playerName}、こんにちは。私は拂雲観の住持、林夕染といいます。明後日までに儀式を執り行って、{playerName}を臨時の弟子にしますね,"Hello, {playerName}. I'm the keeper of Fuyun Temple. My name is Lin Xiran — in the next day or two I'll hold a ceremony to take {playerName} on as a temporary disciple."
text.0942d3f17d504f01ba64169b17e2a578.95d9dda6b2c9442e9327c0f1469e289c,夕染师父,夕染師父,夕染師匠,Master Xiran.
text.0942d3f17d504f01ba64169b17e2a578.e94b8bd6bd524738abcd844c1d756d2b,（笑）改口到很快嘛，先不急，累了吧今天，这是你的房间，这几个月你就住在这里,（笑）改口到很快嘛，先不急，累了吧今天，這是你的房間，這幾個月你就住在這裡,（笑）もう呼び方まで変えたんだ。慌てなくていいよ。今日は疲れたでしょう。ここが君の部屋、これからの数か月はここに住んでね,(She laughs.) That was a quick change of address. No rush — you must be tired today. This is your room; you'll be staying here for the next few months.
text.0942d3f17d504f01ba64169b17e2a578.7ac922295db6402a99b115dbaae4f9c2,好的,好的,わかりました,All right.
text.0942d3f17d504f01ba64169b17e2a578.387c6032c589404481fc16c57890124d,先在房间好好休息吧，明天带你熟悉下这里，晚安哦,先在房間好好休息吧，明天帶你熟悉下這裡，晚安哦,まずは部屋でゆっくり休んで。明日、ここを案内するね。おやすみ,Rest up in your room for now. Tomorrow I'll show you around. Goodnight.
text.0942d3f17d504f01ba64169b17e2a578.5c0ecffff02245698ede1f3b2a6788ec,晚安师父,晚安師父,おやすみなさい、師匠,"Goodnight, Master."
text.0942d3f17d504f01ba64169b17e2a578.f460cece685844e392cbff4d63e898c2,有什么想要问师父我的吗？,有什麼想要問師父我的嗎？,師匠に聞きたいことはある？,Is there anything you'd like to ask me?
text.0942d3f17d504f01ba64169b17e2a578.6017e3de9a3b4e189cd10ea14a635dfd,我都了解了,我都了解了,だいたいわかりました,I think I've got it all.
text.0942d3f17d504f01ba64169b17e2a578.635269032cd24508b63b3c13c07b30a4,那么从今天开始拜托你了，{playerName}小徒弟,那麼從今天開始拜託你了，{playerName}小徒弟,それじゃあ、今日からよろしくね。{playerName}の小弟子,"Then I'm counting on you from today on, my little disciple {playerName}."
text.0942d3f17d504f01ba64169b17e2a578.676e246bbb7a461cb732954c651406e5,好哦小师父,好哦小師父,はい、小師匠,"Sure thing, little Master."
text.0942d3f17d504f01ba64169b17e2a578.ffd04bf100d142459b6911eec4e2c4c8,没大没小,沒大沒小,目上の人に失礼だよ,Mind your manners.
text.0942d3f17d504f01ba64169b17e2a578.c172cf93985949f09956e289b17c3cf7,真是不负责任啊镇长,真是不負責任啊鎮長,ほんとに無責任だよな、町長,The mayor really is irresponsible.
text.0942d3f17d504f01ba64169b17e2a578.ee684600569e44a9907022f385b404d1,天黑了才爬到半山腰，这山这么难爬也不说一声呢,天黑了才爬到半山腰，這山這麼難爬也不說一聲呢,暗くなってやっと中腹だよ。こんなに登りにくい山だって、一言も言わないんだから,It's dark already and I'm only halfway up. Nobody thought to mention how hard this mountain is to climb.
text.0942d3f17d504f01ba64169b17e2a578.b8cc1b9006e745a8b8883b3817430e24,诶？前面怎么走啊,誒？前面怎麼走啊,あれ？この先はどう行けばいいんだ,Huh? Which way from here?
text.0942d3f17d504f01ba64169b17e2a578.95479e2ab15f427a8420877cb7fe1aa0,……,……,……,……
text.0942d3f17d504f01ba64169b17e2a578.551079593f2347609de73c685e421fd4,太好了前面有人,太好了前面有人,よかった、前に人がいる,"Oh good, there's someone up ahead."
text.0942d3f17d504f01ba64169b17e2a578.06933fa3f07f4370b0b48107bdeaf63b,小师哥，怎么走才能到拂云观的生活区啊,小師哥，怎麼走才能到拂雲觀的生活區啊,そこの師兄、拂雲観の生活区へはどう行けばいいですか,"Hey, senior brother — which way to the living quarters at Fuyun Temple?"
text.0942d3f17d504f01ba64169b17e2a578.ba508a17273a4508b3dab1cde44b9c0f,啊？,啊？,は？,Huh?
text.0942d3f17d504f01ba64169b17e2a578.2052d6455a824a4e86ca4f30fb3a89e2,陌生人吓了一跳，仿佛我不该和他说话,陌生人嚇了一跳，彷彿我不該和他說話,見知らぬ人はぎょっとした。まるで、私が話しかけるべき相手ではなかったかのように,"The stranger flinches, as if I had no business talking to him."
text.0942d3f17d504f01ba64169b17e2a578.67bc54ecfa8b4c208a3f041aa0f73e06,我不是拂云观的,我不是拂雲觀的,俺は拂雲観の者じゃない,I'm not from Fuyun Temple.
text.0942d3f17d504f01ba64169b17e2a578.609dc7ca21f14d6db127a5b0bb79f59e,哦哦，那我该怎么称呼你,哦哦，那我該怎麼稱呼你,あ、そうなんですね。じゃあ、お名前は？,"Oh, okay. Then what should I call you?"
text.0942d3f17d504f01ba64169b17e2a578.143422d897c449a68691dd4fcd52ca65,我叫申箬青，你可以叫我小青,我叫申箬青，你可以叫我小青,申箬青。小青でいいよ,I'm Shen Ruoqing. You can call me Xiaoqing.
text.0942d3f17d504f01ba64169b17e2a578.b7de0e19e9764ea48f35a855e6620941,懂了，就像白蛇传里的小青一样，我是{playerName}，那我们就算认识啦,懂了，就像白蛇傳裡的小青一樣，我是{playerName}，那我們就算認識啦,なるほど、白蛇伝の小青みたいなものですね。私は{playerName}。これで知り合いってことで,Got it — like Xiaoqing in Legend of the White Snake. I'm {playerName}. So now we're acquainted.
text.0942d3f17d504f01ba64169b17e2a578.d47d34a192c84aebbd872ea8b51ed089,……{playerName},……{playerName},……{playerName},……{playerName}
text.0942d3f17d504f01ba64169b17e2a578.66b8c2313ffb469db11aaec1d6ea210c,那我怎么走才能到拂云观生活区啊,那我怎麼走才能到拂雲觀生活區啊,それで、拂雲観の生活区へはどう行けばいいんですか,So how do I get to the living quarters at Fuyun Temple?
text.0942d3f17d504f01ba64169b17e2a578.60c6fd62f2a541ba93a6f391c64831e4,（舔了下舌头）那边,（舔了下舌頭）那邊,（舌なめずりをして）あっち,(He wets his lips.) That way.
text.0942d3f17d504f01ba64169b17e2a578.ce83c8e0996643c59ab2e06c2fec41f1,带我去好不好,帶我去好不好,連れて行ってくれませんか,Would you take me there?
text.0942d3f17d504f01ba64169b17e2a578.00d7ddb193ad4d909476d3e74d8a9482,真是麻烦,真是麻煩,めんどくさいなあ,What a hassle.
text.0942d3f17d504f01ba64169b17e2a578.8f9f0878f6b146c7acc5d8b47b93a520,申箬青虽然不情愿但还是在前面带起了路,申箬青雖然不情願但還是在前面帶起了路,申箬青は渋々ながら、それでも先に立って道を案内しはじめた,"Reluctant as he is, Shen Ruoqing still takes the lead and starts walking."
text.0942d3f17d504f01ba64169b17e2a578.6c9a49c0c068470285a1dc5f24b74e15,前面亮灯的地方就是了，我先回去了,前面亮燈的地方就是了，我先回去了,前の灯りがついてる所だよ。俺はもう帰る,The place with the lights up ahead — that's it. I'm heading back.
text.0942d3f17d504f01ba64169b17e2a578.31abaa472dfa422a9f2f158d5dfbb00f,好，谢谢你小青,好，謝謝你小青,はい、ありがとう小青さん,"Okay. Thanks, Xiaoqing."
text.0942d3f17d504f01ba64169b17e2a578.eb3b44d70cfd4963b3ef76b1549eca69,……,……,……,……
text.0942d3f17d504f01ba64169b17e2a578.14416cc9cfad463ca742f734321e2feb,妖怪是很邪恶的生物哦,妖怪是很邪惡的生物哦,妖怪はとても邪悪な生き物だよ,Yaoguai are deeply wicked creatures.
text.0942d3f17d504f01ba64169b17e2a578.8d9d9701887648f6b3946ac8251fab2c,不像人类这种会靠着对彼此的感情绑定在一起的生物,不像人類這種會靠著對彼此的感情綁定在一起的生物,互いへの情で結びつく人間のような生き物とは違う,"Not like humans, who bind themselves to one another through feeling."
text.0942d3f17d504f01ba64169b17e2a578.f6338709155a4d1889f3459b8cbc81a2,妖怪……很，冷漠,妖怪……很，冷漠,妖怪は……とても、冷たい,Yaoguai are… very cold.
text.0942d3f17d504f01ba64169b17e2a578.900c4b345a8a4e9b8f4655d0b3fedb19,比如，漠视生命,比如，漠視生命,たとえば、命を軽んじる,"They disregard life, for instance."
text.0942d3f17d504f01ba64169b17e2a578.a5096d6970de49f380f51ef761ca85af,这里的镇民们，有人曾被妖怪以奇怪的方式杀害的。所以镇民们也很害怕妖怪。,這裡的鎮民們，有人曾被妖怪以奇怪的方式殺害的。所以鎮民們也很害怕妖怪。,この町の住人の中には、妖怪に奇妙なやり方で殺された者もいる。だから町の人たちは妖怪をとても怖がっている。,"Among the townspeople here, someone was once killed by a yaoguai in a strange way. So the townsfolk are frightened of them too."
text.0942d3f17d504f01ba64169b17e2a578.fe21c16c5811426c8856386d89191a8d,如果不小心遇到了，一定要远离。,如果不小心遇到了，一定要遠離。,もしうっかり出くわしたら、必ず離れること。,"If you happen to run into one, keep your distance."
text.0942d3f17d504f01ba64169b17e2a578.d75aad9e69c445158e9aeaafe9bedff0,另外，不要去后山,另外，不要去後山,それから、裏山には行かないで,"Also, don't go to the back mountain."
text.0942d3f17d504f01ba64169b17e2a578.afda024ea50b46dd931c95953b8e2e0e,这座山的灵力很强,這座山的靈力很強,この山は霊力が強い,This mountain's spiritual energy is strong.
text.0942d3f17d504f01ba64169b17e2a578.5f4b8f7a9eea47048eb83debfc6870f6,会有些奇怪的事发生也说不定,會有些奇怪的事發生也說不定,変わったことが起きるかもしれない,Strange things might happen there.
text.0942d3f17d504f01ba64169b17e2a578.b4082a50bdc24004a4d10343da25d5a7,首先是早上5点起来晨课,首先是早上5點起來晨課,まずは朝5時に起きて朝課,"First, you get up at five in the morning for morning lessons."
text.0942d3f17d504f01ba64169b17e2a578.1cb5aee7713b4dd3994b51ce39146049,这么早啊……,這麼早啊……,そんなに早く……,That early…
text.0942d3f17d504f01ba64169b17e2a578.7aaa2c047523458296395d1fd07176ce,考虑到你是临时弟子，可以宽容点啦,考慮到你是臨時弟子，可以寬容點啦,臨時の弟子ってことで、少しは大目に見るから,"Since you're a temporary disciple, I can be lenient."
text.0942d3f17d504f01ba64169b17e2a578.da61c17b940149c4ab9b8cd7d9c7c17c,晨课就像早自习，在庙里诵诵经,晨課就像早自習，在廟裡誦誦經,朝課は朝自習みたいなもの。お堂でお経を読むんだ,Morning lessons are like morning study hall — you chant sutras in the temple.
text.0942d3f17d504f01ba64169b17e2a578.b28596b960094a33b3453ca09bd627b8,接下来的上午我会比较忙，有时候是应镇民要求主持仪式，有时候是表文作符，有时候是起卦看相，总之尽可能的满足香客要求,接下來的上午我會比較忙，有時候是應鎮民要求主持儀式，有時候是表文作符，有時候是起卦看相，總之盡可能的滿足香客要求,そのあとの午前中は私も忙しい。町の人に頼まれて儀式を執り行ったり、願文を書いたりお札を作ったり、卦を立てて占ったり。とにかく参拝者の要望にできるだけ応えるようにしている,"After that I'm busy through the morning — sometimes leading rites at the townspeople's request, sometimes drafting petitions and drawing talismans, sometimes casting hexagrams and reading faces. In short, I try to meet the worshippers' requests as far as I can."
text.0942d3f17d504f01ba64169b17e2a578.3cab22889b05464791cb38d51399f8c6,（点头）师父会好多,（點頭）師父會好多,（うなずく）師匠は何でもできるんですね,"(I nod.) You can do so many things, Master."
text.0942d3f17d504f01ba64169b17e2a578.d9fb241e99964938ac2f5dd596b66cbd,{playerName}需要做的事就是基础的贡品整理，庭院洒扫，浇菜种地，洗衣做饭之类,{playerName}需要做的事就是基礎的貢品整理，庭院灑掃，澆菜種地，洗衣做飯之類,{playerName}がやることは、供え物の片づけ、庭の掃き掃除、菜園の水やりや畑仕事、洗濯と炊事とか、そのあたり,"What {playerName} will do is the basic work: tidying offerings, sweeping the courtyard, watering the garden, tending the fields, laundry, cooking — that sort of thing."
text.0942d3f17d504f01ba64169b17e2a578.3c2cf2c86c30438299e99a2907b7436d,是的，我们有小菜地,是的，我們有小菜地,そう、小さな菜園があるんだよ,That's right — we have a small vegetable plot.
text.0942d3f17d504f01ba64169b17e2a578.943dd2bdc5454849b8e602b16fbc9414,生活物资短缺的话，每隔一个月统一下到镇子里采办一次,生活物資短缺的話，每隔一個月統一下到鎮子裡採辦一次,生活物資が足りなくなったら、一か月ごとにまとめて町へ買い出しに行く,"If supplies run short, we go down to the town once a month to stock up."
text.0942d3f17d504f01ba64169b17e2a578.1ff37392abfe49978fa7893520554c82,每个月初我们都会清算一次上个月的经营情况,每個月初我們都會清算一次上個月的經營情況,毎月の初めに、前月の運営状況を一度締める,At the start of each month we settle the accounts for the month before.
text.0942d3f17d504f01ba64169b17e2a578.e85ace68d0de4de480abb18de3ab9d00,{playerName}做的工作细致程度也会影响到经营情况,{playerName}做的工作細緻程度也會影響到經營情況,{playerName}の仕事がどれだけ丁寧かで、その結果も変わってくる,How carefully {playerName} does the work also affects how things turn out.
text.0942d3f17d504f01ba64169b17e2a578.ef6024969f54497d8d1f2e1c48b9ce00,当然我们也有来自镇上的固定经费，所以这个不用太过担心,當然我們也有來自鎮上的固定經費，所以這個不用太過擔心,もちろん町からの定期的な補助もあるから、そこまで心配しなくていい,"Of course we also get a regular allowance from the town, so there's no need to worry too much."
text.0942d3f17d504f01ba64169b17e2a578.ae4cd47f3a914567aa05985da29741c1,下午呢，我一般没什么事,下午呢，我一般沒什麼事,午後は、私はたいてい暇だよ,In the afternoon I usually have nothing much to do.
text.0942d3f17d504f01ba64169b17e2a578.7fd00747e24c4ab58f5bf94d2c8a573f,如果{playerName}有兴趣的话可以找我学习一些你在学校学不到的妙妙小知识,如果{playerName}有興趣的話可以找我學習一些你在學校學不到的妙妙小知識,{playerName}が興味があれば、学校では習えないちょっとした豆知識を教えてあげる,"If {playerName} is interested, come find me and learn a few curious little things you'd never pick up at school."
text.0942d3f17d504f01ba64169b17e2a578.37b09e2a4aec4ee7937a18afd8558957,对{playerName}的个人提升也有一些帮助,對{playerName}的個人提升也有一些幫助,{playerName}の成長にも少しは役に立つよ,"It'll help {playerName} grow a little, too."
text.0942d3f17d504f01ba64169b17e2a578.2436d1ba14384cf99e21b33f30c4ca4f,有什么感兴趣的方向吗？,有什麼感興趣的方向嗎？,興味のある分野はある？,Is there any direction you're interested in?
text.0942d3f17d504f01ba64169b17e2a578.faa66c92f92c4d1a82778a61bccfbc0b,……除妖你会吗？,……除妖你會嗎？,……妖怪退治はできますか？,…Can you exorcise yaoguai?
text.0942d3f17d504f01ba64169b17e2a578.790a41d9d64b4692b085d3d46f4e8eeb,怎么会想学这个,怎麼會想學這個,どうしてそれを学びたいの,Why would you want to learn that?
text.0942d3f17d504f01ba64169b17e2a578.64358d7e8caf4510a86323d1041150e4,怎么了,怎麼了,どうしたんですか,What is it?
text.0942d3f17d504f01ba64169b17e2a578.5e2fce056c79454e9d9add6361350b6b,……没，没什么,……沒，沒什麼,……ううん、なんでもない,…No. Nothing.
text.0942d3f17d504f01ba64169b17e2a578.e66c88c8863144f3b319cbc49996f498,镇长说山里有妖怪啊，感觉很危险,鎮長說山裡有妖怪啊，感覺很危險,町長が山には妖怪がいるって。危ない感じがします,The mayor said there are yaoguai in the mountains. Sounds dangerous.
text.0942d3f17d504f01ba64169b17e2a578.c1aac3c25ad14ef39fa020bdaa21c517,没有妖怪会想来神力庇护的地方捣乱的，只要你不乱跑，你就是安全的,沒有妖怪會想來神力庇護的地方搗亂的，只要你不亂跑，你就是安全的,神力に守られた場所にわざわざ荒らしに来る妖怪はいないよ。勝手に走り回らなければ、君は安全だ,"No yaoguai would come looking for trouble in a place shielded by divine power. As long as you don't wander off, you're safe."
text.0942d3f17d504f01ba64169b17e2a578.b9272dc454e847cea8253617559c6e9a,再说万一真有妖怪来了，还有我保护{playerName}嘛不是,再說萬一真有妖怪來了，還有我保護{playerName}嘛不是,それに、もし本当に妖怪が来たら、私が{playerName}を守るから,"Besides, if a yaoguai really did show up, {playerName} has me to protect them."
text.0942d3f17d504f01ba64169b17e2a578.8d5f3008dcae4463859280afa0942a4e,……,……,……,……
text.0942d3f17d504f01ba64169b17e2a578.7c84a7b635ef4f92b34709da0a78f85e,怎么啦，不相信我的实力？,怎麼啦，不相信我的實力？,なに、私の実力を信じてないの？,What? You don't believe in my abilities?
text.0942d3f17d504f01ba64169b17e2a578.6514ff9c018447e486efbe6789f7ba83,勉强信你,勉強信你,一応信じます,I guess I'll believe you.
text.0942d3f17d504f01ba64169b17e2a578.45f2b9180bc6499b8d042c1bd2d61225,好嘛，看来哪天非得展示一下子不可了,好嘛，看來哪天非得展示一下子不可了,もう、いつか必ず見せてあげなきゃね,All right then — looks like I'll have to show you one of these days.
text.0942d3f17d504f01ba64169b17e2a578.b3b95be0af21400bbad6498b620a8a09,我很期待哦,我很期待哦,楽しみにしています,I'll look forward to it.
text.0942d3f17d504f01ba64169b17e2a578.238ba8682b2b4462a5601c359c590057,你有一个师伯，一个师叔公,你有一個師伯，一個師叔公,君には師伯が一人と、師叔公が一人いる,You have one senior martial uncle and one grand martial uncle.
text.0942d3f17d504f01ba64169b17e2a578.c0a1c891e3dd44f08fa801497cf89220,师叔公有个不成器的徒弟，近些年很少看到他,師叔公有個不成器的徒弟，近些年很少看到他,師叔公にはろくでもない弟子が一人いて、ここ数年はほとんど見かけない,Grand Martial Uncle has a good-for-nothing disciple. I've hardly seen him these past few years.
text.0942d3f17d504f01ba64169b17e2a578.d584440b96a6494288de5949f4ff01eb,师伯和师叔公都在外面进修,師伯和師叔公都在外面進修,師伯も師叔公も、外で修行している,Both Senior Martial Uncle and Grand Martial Uncle are away training.
text.0942d3f17d504f01ba64169b17e2a578.59d7d4be0a754360baa3a44edde04190,师父我还没有正式收过徒哦，{playerName}是第一个呢,師父我還沒有正式收過徒哦，{playerName}是第一個呢,私、まだ正式に弟子を取ったことがないんだ。{playerName}が最初の一人だよ,"I've never formally taken a disciple before, you know. {playerName} is the first."
text.0942d3f17d504f01ba64169b17e2a578.eb12cfe1402149d0a7de5fa0d0301920,是不是拿我练手来的,是不是拿我練手來的,私で練習しようってわけですか,So I'm your practice run?
text.0942d3f17d504f01ba64169b17e2a578.0d0c8472a1c8468b906da0767b29fcf9,嘻嘻,嘻嘻,えへへ,Hee hee.
text.0942d3f17d504f01ba64169b17e2a578.1e809ce6ba324a2799f2ea0bc313a67a,师父是不是碰到这种尴尬的问题都会嬉皮笑脸糊弄过去,師父是不是碰到這種尷尬的問題都會嬉皮笑臉糊弄過去,師匠はこういう気まずい質問には、いつも笑ってごまかすんですか,Does Master always laugh off awkward questions like this?
text.0942d3f17d504f01ba64169b17e2a578.272f53d54a054060afa6e9a21829f1b4,哼,哼,ふん,Hmph.
text.0942d3f17d504f01ba64169b17e2a578.b68ead2b11784f58b9992c5d74c2a90a,总之呢就是这样，门派很小，但好处是人际关系及其简单,總之呢就是這樣，門派很小，但好處是人際關係極其簡單,とにかくそんな感じ。門派はとても小さいけど、人間関係がびっくりするほど単純なのがいいところ,"Anyway, that's how it is. The sect is tiny, but the upside is that the relationships are extremely simple."
text.0942d3f17d504f01ba64169b17e2a578.7e2508902ea74883ae131e9a9394c54d,过了一夜,過了一夜,一夜が明けた,A night passes.
text.0942d3f17d504f01ba64169b17e2a578.73d701b67af2430ca0a222600af16b5b,那么仪式结束喽，{playerName}小朋友是我们门派的弟子了哦,那麼儀式結束嘍，{playerName}小朋友是我們門派的弟子了哦,これで儀式は終わり。{playerName}ちゃんは、今日からうちの門派の弟子だよ,And that's the ceremony done — little {playerName} is officially a disciple of our sect now.
text.0942d3f17d504f01ba64169b17e2a578.0c702d6dac864496a09f1d681ce782ad,（明明也没有大我几岁）,（明明也沒有大我幾歲）,（たいして歳も変わらないのに）,(She's barely a few years older than me.)
text.0942d3f17d504f01ba64169b17e2a578.901fe983f584464a9a9714f416907edd,这哪能算得上是县城，分明就是乡镇吧喂,這哪能算得上是縣城，分明就是鄉鎮吧喂,これのどこが県城なんだ、ただの田舎町じゃないか,How is this a county town? This is plainly just a village.
text.0942d3f17d504f01ba64169b17e2a578.541728fe379f4a55960ee661bc19c695,你来啦,你來啦,よく来たね,You're here.
text.0942d3f17d504f01ba64169b17e2a578.3966345e4a864881b7ea877d9fdc6f23,你好,你好,こんにちは,Hello.
text.0942d3f17d504f01ba64169b17e2a578.d5e42d1106c5428c93cae5bd67a7aa6e,同学，我是这个镇子的镇长，听你们导员说起过你,同學，我是這個鎮子的鎮長，聽你們輔導員說起過你,君、私はこの町の町長だ。君の指導教員から話は聞いている,Young man — I'm the mayor of this town. Your counselor told me about you.
text.0942d3f17d504f01ba64169b17e2a578.23d248eba1844acfa59052bac2581bcc,怎么说的,怎麼說的,なんて言ってました？,What did he say?
text.0942d3f17d504f01ba64169b17e2a578.d7efd32d17f44143a82b1b6458edbf62,他说你是个靠得住的沉稳的同学，最近需要换换环境，来我们这里再好不过了,他說你是個靠得住的沉穩的同學，最近需要換換環境，來我們這裡再好不過了,君は頼りになる、落ち着いた学生だと。最近は環境を変える必要があるそうで、うちに来るのが一番いいだろうとね,"He said you're a dependable, level-headed young man who needs a change of scenery lately — and that there's nowhere better for you than here."
text.0942d3f17d504f01ba64169b17e2a578.01ae8a8bc3524932b0ddb4d683690eb2,（四下打量）,（四下打量）,（あたりを見回す）,(I look around.)
text.0942d3f17d504f01ba64169b17e2a578.e7fe9053d09d4bdfa30c3ceea16972a4,（好穷的地方，该不会是急缺廉价劳动力才见谁都这样说）,（好窮的地方，該不會是急缺廉價勞動力才見誰都這樣說）,（ずいぶん貧しい所だな。安い労働力が足りなくて、誰にでもそう言ってるんじゃないだろうな）,(What a poor place. Maybe they're short on cheap labor and say that to anyone who walks in.)
text.0942d3f17d504f01ba64169b17e2a578.b3f29536f35341f1919e454e87d5dc1c,我们这边呢，荒山野岭的，没什么人口,我們這邊呢，荒山野嶺的，沒什麼人口,ここはね、荒れ山ばかりで、人はほとんどいない,This area is all wild hills and empty country. Not much of a population.
text.0942d3f17d504f01ba64169b17e2a578.e986a3b19b3041e081cbf776c9c25379,镇上不到一千人，都是以种地或养猪为生的农民,鎮上不到一千人，都是以種地或養豬為生的農民,町には千人もいない。みんな畑を耕したり豚を飼ったりして暮らす農民だ,Fewer than a thousand people live here — farmers who make their living from the fields or from raising pigs.
text.0942d3f17d504f01ba64169b17e2a578.fc4dbd3acabe4fb98ca1c38d61cf7d4e,往镇子东北边的山上走，走3小时山路，有座拂云观,往鎮子東北邊的山上走，走3小時山路，有座拂雲觀,町の北東の山へ登って、山道を三時間ほど行くと、拂雲観がある,Head up the mountain northeast of town — about three hours on the mountain path — and you'll come to Fuyun Temple.
text.0942d3f17d504f01ba64169b17e2a578.431652436758437abe5afb566b60de75,我还没问你的宗教信仰，你应该没有固定信仰对吧？,我還沒問你的宗教信仰，你應該沒有固定信仰對吧？,まだ聞いていなかったが、君は特定の信仰は持っていないよね？,"I haven't asked about your religion yet. You don't have a fixed faith, do you?"
text.0942d3f17d504f01ba64169b17e2a578.99e1edd40b2b464e8e90dacf8b516808,没有特别的，小时候家里倒是在道观里给求过平安锁，如果这个算的话,沒有特別的，小時候家裡倒是在道觀裡給求過平安鎖，如果這個算的話,特にないです。子供の頃、家の者が道観で平安のお守りを授かってはいましたけど、それが信仰に入るなら,Nothing in particular. My family did have a peace lock blessed for me at a Daoist temple when I was small — if that counts.
text.0942d3f17d504f01ba64169b17e2a578.28bdacb58d12433997dd4ce6995ebca7,好，那么总之我们进入正题,好，那麼總之我們進入正題,よし、それじゃあ本題に入ろう,Good. Then let's get to the point.
text.0942d3f17d504f01ba64169b17e2a578.ea9211aba8224d53a396152f87ddcf2d,叫你来呢，是希望你在拂云观当一阵子的学徒,叫你來呢，是希望你在拂雲觀當一陣子的學徒,君に来てもらったのは、しばらく拂雲観で見習いをしてほしいからだ,The reason I called you here is that we'd like you to apprentice at Fuyun Temple for a while.
text.0942d3f17d504f01ba64169b17e2a578.eef8896cfe134c53bc3cd166c9df37b9,你也看到了，这个镇子各方面条件都很差,你也看到了，這個鎮子各方面條件都很差,見てのとおり、この町はどの面でも条件が良くない,"As you can see, this town is lacking in every respect."
text.0942d3f17d504f01ba64169b17e2a578.c23d54a6f41c41f38c832545ce50b269,在这些生活的艰难中，拂云观对这个镇子的镇民们起到了一定的心理安慰的作用,在這些生活的艱難中，拂雲觀對這個鎮子的鎮民們起到了一定的心理安慰的作用,そうした暮らしの苦しさの中で、拂雲観はこの町の人々にとって、ある種の心の支えになっている,"Amid the hardships of life here, Fuyun Temple has served as a kind of comfort to the townspeople."
text.0942d3f17d504f01ba64169b17e2a578.af5337eab80a486c8e2028647918bdc7,虽然没有工资发，但是往好的方面想，这里还挺山清水秀的，你也能和拂云观的道长学到一些有趣的知识,雖然沒有工資發，但是往好的方面想，這裡還挺山清水秀的，你也能和拂雲觀的道長學到一些有趣的知識,給金は出ないが、良い方に考えれば、ここは山も水も美しいし、拂雲観の道長から面白い知識も教わることができる,"There's no pay, but look on the bright side: the scenery here is lovely, and you can pick up some interesting knowledge from the priests at Fuyun Temple."
text.0942d3f17d504f01ba64169b17e2a578.a86ff527c8dc4020917bf9a0e30a8578,是人手不够吗？,是人手不夠嗎？,人手が足りないんですか？,Are you short-handed?
text.0942d3f17d504f01ba64169b17e2a578.7fe75a89d832433da5c12535db7c8206,最近拂云观原来的3位道长有两位在外进修，现在庙里只有住持一人，需要帮忙做些打下手的工作,最近拂雲觀原來的3位道長有兩位在外進修，現在廟裡只有住持一人，需要幫忙做些打下手的工作,最近、拂雲観にいた三人の道長のうち二人は外で修行中で、今は住持が一人だけだ。手伝いが必要なんだよ,"Two of the temple's three priests are away on training just now, so only the keeper remains. We need someone to help with the odd jobs."
text.0942d3f17d504f01ba64169b17e2a578.b2744ba8188647b48bc05842f5b6f1a1,你可以在这里待一段时间，直到他们回来，你就可以自由决定去留,你可以在這裡待一段時間，直到他們回來，你就可以自由決定去留,しばらくここにいてくれていい。彼らが戻るまで。その後どうするかは自由に決めていい,"You can stay for a while, until they come back — after that you're free to decide whether to stay or go."
text.0942d3f17d504f01ba64169b17e2a578.63c3424dc36d4815b1ce12cda55edbd8,当然了，在庙里还是要学习他们的文化，遵守他们的规矩,當然了，在廟裡還是要學習他們的文化，遵守他們的規矩,もちろん、お堂では彼らの文化を学び、決まりを守ってもらう,"Of course, while you're at the temple you'll need to learn their ways and follow their rules."
text.0942d3f17d504f01ba64169b17e2a578.af3c678d0c9e4dfba13d04f0a3b9db5d,那我有什么好处？,那我有什麼好處？,それで、私に何かいいことは？,And what's in it for me?
text.0942d3f17d504f01ba64169b17e2a578.3f1251ce91824dbdabcbaecc3a9bfe2a,嗯……获得什么都不用担心的一段包吃包住的时间？,嗯……獲得什麼都不用擔心的一段包吃包住的時間？,うーん……何も心配しなくていい、食べる所も寝る所もある時間が手に入る、とか？,Hmm… a stretch of time with food and a roof over your head and nothing to worry about?
text.0942d3f17d504f01ba64169b17e2a578.a05fbc4d0e1949ccb72146bf697a5b54,嗯……如果不满意的话，给你开个实习证明之类的？,嗯……如果不滿意的話，給你開個實習證明之類的？,うーん……物足りなければ、インターンシップの証明書みたいなものを出してあげようか？,"Hmm… if that's not enough, I could write you an internship certificate or something?"
text.0942d3f17d504f01ba64169b17e2a578.84ee6ec0e5704b8283e4936a444778b6,嗯……就，这边人还蛮质朴的，也许能收获一些大城市没有的温情吧,嗯……就，這邊人還蠻質樸的，也許能收穫一些大城市沒有的溫情吧,うーん……そうだな、ここの人はとても素朴だから、大都市にはない温かさが得られるかもしれない,"Hmm… well, the people here are pretty plain and honest. Maybe you'll find a warmth you won't get in a big city."
text.0942d3f17d504f01ba64169b17e2a578.d16fe01a1811442488d9c18a1f3fa970,唉,唉,はあ,Sigh.
text.0942d3f17d504f01ba64169b17e2a578.b1b8912974744d348a3ff362d89f113a,（想到如果就这样回家躺着还是要面对家里的白眼）,（想到如果就這樣回家躺著還是要面對家裡的白眼）,（このまま家に帰って寝てても、家族の冷たい目にさらされるんだよな、と思う）,"(If I just go home and lie around, I'll still have to face my family's looks.)"
text.0942d3f17d504f01ba64169b17e2a578.79d75d974d4d410dbd4e0a62e0451c73,行吧,行吧,まあ、いいですよ,Fine.
text.0942d3f17d504f01ba64169b17e2a578.de73ec0816d8498d939c48ae9c452bad,太好了，帮大忙了,太好了，幫大忙了,よかった、助かるよ,Wonderful — that's a huge help.
text.0942d3f17d504f01ba64169b17e2a578.69d7041e8891400f992a27bf492024fb,我现在跟那边联系下，你直接去那边吧,我現在跟那邊聯繫下，你直接去那邊吧,今こちらから連絡しておく。君はそのまま向かってくれ,I'll contact them now. You head straight there.
text.0942d3f17d504f01ba64169b17e2a578.976c7f1605ee420d84e952bbd8d945c2,我就不上山了，给你送到山脚下,我就不上山了，給你送到山腳下,私は山までは行かないが、麓まで送ってやろう,I won't go up the mountain myself — I'll see you to the foot of it.
text.0942d3f17d504f01ba64169b17e2a578.794f580a276343a6beef5f00e3dc4159,哦对了，镇民传说山里有妖怪，我是不信的，但小心为好,哦對了，鎮民傳說山裡有妖怪，我是不信的，但小心為好,そうだ、町の者は山に妖怪がいると言っている。私は信じていないが、用心するに越したことはない,"Oh, right — the townsfolk say there are yaoguai in the mountains. I don't believe it, but it doesn't hurt to be careful."
text.0942d3f17d504f01ba64169b17e2a578.09f5ee521efe43afb2a7c6a157dc801f,好的,好的,わかりました,All right.
option.0942d3f17d504f01ba64169b17e2a578.8d372690ef6044ceacae5c0dafd9f25b,日程安排,日程安排,日程について,Daily Schedule
option.0942d3f17d504f01ba64169b17e2a578.79291c176c0c45f3b480d1fd8004d681,关于门派,關於門派,門派について,About the Sect
option.0942d3f17d504f01ba64169b17e2a578.27e1b5ea8bc8428b830bcbd2021652bd,关于妖怪,關於妖怪,妖怪について,About Yaoguai
option.0942d3f17d504f01ba64169b17e2a578.b404498d99884d06bb0f4c9e256b36b6,三项都问完了,三項都問完了,三つとも聞き終えた,Asked about all three
chapter.0942d3f17d504f01ba64169b17e2a578.2e58920df7dd454096c73f95a528b843,第一章·序章,第一章·序章,第一章・序章,Chapter One · Prologue
chapter.0942d3f17d504f01ba64169b17e2a578.57c023ad23ef45be88cbab6bd9b3d51d,第一章,第一章,第一章,Chapter One
chapter.0942d3f17d504f01ba64169b17e2a578.8507fecd54b74197aab3c9427ddf03a1,结局,結局,結末,Ending
text.0942d3f17d504f01ba64169b17e2a578.1cf3faaee226fc111f7a59a6c8f4e251,（……好吵。）,（……好吵。）,（……うるさい。）,(...So loud.)
text.0942d3f17d504f01ba64169b17e2a578.17c0aaceac384eab9f09fba7507fcde1,（像是在很远的地方有人说话，字句一层层糊在一起，听不清。）,（像是在很遠的地方有人說話，字句一層層糊在一起，聽不清。）,（遠くで誰かが話しているようで、言葉が何枚も重なって滲み、聞き取れない。）,(It sounds like someone is talking very far away — the words blur together in layers and I can't make them out.)
text.0942d3f17d504f01ba64169b17e2a578.93054cf9760c35922955838888b20df3,（我在哪儿？……有黑板，有课桌，还有粉笔灰的味道。）,（我在哪兒？……有黑板，有課桌，還有粉筆灰的味道。）,（ここはどこだ？……黒板があって、机があって、チョークの粉の匂いがする。）,"(Where am I? ...A blackboard, a desk, the smell of chalk dust.)"
text.0942d3f17d504f01ba64169b17e2a578.d54712b9a77825b84494c156de51eaea,（对了，是教室。上课上到一半，睡着了。）,（對了，是教室。上課上到一半，睡著了。）,（そうだ、教室だ。授業の途中で眠ってしまったんだ。）,(Right — a classroom. I fell asleep in the middle of class.)
text.0942d3f17d504f01ba64169b17e2a578.ef62645e95f427f5106769cc1ae8f62d,（可是——我是谁？）,（可是——我是誰？）,（でも——私は誰だ？）,(But — who am I?)
text.0942d3f17d504f01ba64169b17e2a578.7f06348d95086d5cd259ff1e102efc91,（名字就在嘴边，怎么就是想不起来。）,（名字就在嘴邊，怎麼就是想不起來。）,（名前は喉まで出かかっているのに、どうしても思い出せない。）,"(My name is right on the tip of my tongue, and I just can't reach it.)"
text.0942d3f17d504f01ba64169b17e2a578.b947014894b2f4f56bf8af9a0d29d11a,（{playerName}。）,（{playerName}。）,（{playerName}。）,({playerName}.)
text.0942d3f17d504f01ba64169b17e2a578.f4fd3203ff2971fb4b0a8496b39b10f3,（……对了，想起来了。我是{playerName}。）,（……對了，想起來了。我是{playerName}。）,（……そうだ、思い出した。私は{playerName}だ。）,(...Right. It's coming back. I'm {playerName}.)
option.0942d3f17d504f01ba64169b17e2a578.cmh_ch01_questions_done,没有其他想问的了,沒有其他想問的了,ほかに聞きたいことはない,I have no more questions.
chapter.0942d3f17d504f01ba64169b17e2a578.a9dbb0cd472a4c99a5a1d1ece01bcaa7,第二章,,,
prompt.0942d3f17d504f01ba64169b17e2a578.0e3f6fce6bbc413eb174919fd8478b40,上午，主控能做的事：,,,
option.0942d3f17d504f01ba64169b17e2a578.08ff5471f5664e0da35837c398eeadb0,A. 清扫,,,
option.0942d3f17d504f01ba64169b17e2a578.af7dd97907e042369cfdf7d701473546,B. 种地,,,
option.0942d3f17d504f01ba64169b17e2a578.973b377531fe420ebeffefbc6056e710,C. 陪香客唠家常,,,
prompt.0942d3f17d504f01ba64169b17e2a578.9ae06dbb25974227b5415b385ace6293,下午，主控能做的事：,,,
option.0942d3f17d504f01ba64169b17e2a578.1b849bfd2c75429da798ee173facdbc5,D. 找师父学习,,,
option.0942d3f17d504f01ba64169b17e2a578.577c9c1606db41938b39c7177b2cae5b,E. 燕于飞找你玩,,,
prompt.0942d3f17d504f01ba64169b17e2a578.b09ca941a1fe47f9bc1622b50cd81c4b,傍晚，主控能做的事：,,,
option.0942d3f17d504f01ba64169b17e2a578.ce3fafe990424c6a824c114e3353be97,F. 后山探险,,,
option.0942d3f17d504f01ba64169b17e2a578.e6ddf42381de4c868fd86df4835c23e5,G. 陪师父吃饭,,,
prompt.0942d3f17d504f01ba64169b17e2a578.4ef0f7afaf3e451081c34cd78f965cbc,每月第5天，去镇上：,,,
option.0942d3f17d504f01ba64169b17e2a578.40c83811b9924c4abe6f88bf84a87a1f,H. 游戏厅,,,
option.0942d3f17d504f01ba64169b17e2a578.3809341259cf4437994019153b9a2d7e,I. 买礼物,,,
option.0942d3f17d504f01ba64169b17e2a578.dc531f738ef743be98c1ce22f4eb8f2a,超过1000,,,
option.0942d3f17d504f01ba64169b17e2a578.b5136dd24d2c4f25ac876fbd43d3f8d2,低于0,,,
option.0942d3f17d504f01ba64169b17e2a578.ca984ba1607448a99fe2537b350f6b2a,五个月完成,,,
option.0942d3f17d504f01ba64169b17e2a578.9bcfa0f0396b4b4db718830507cb23d6,本月13步完成,,,
option.0942d3f17d504f01ba64169b17e2a578.45b9e8034ddc4ac1baf1a549cfb38477,第12步：结算后去镇上,,,
option.0942d3f17d504f01ba64169b17e2a578.91ebdf5ba35b443f8736a6a4c3104205,下午,,,
option.0942d3f17d504f01ba64169b17e2a578.fe96dbe12ac245d7955a54f4881b0769,傍晚,,,
text.0942d3f17d504f01ba64169b17e2a578.d34887ad80374cf9827588dc68babd15,第一章,,,
text.0942d3f17d504f01ba64169b17e2a578.027af2ffc3b94149b70d464e8e3ed45d,第二章,,,
option.0942d3f17d504f01ba64169b17e2a578.0e8511c205fe4a83a98c88cd90c7d86a,第2次：补齐未播放事件,,,
option.0942d3f17d504f01ba64169b17e2a578.083891801e044115a62a4505cca2d087,第3次,,,
option.0942d3f17d504f01ba64169b17e2a578.ee7913fff0fc466583d41bc71847068a,第4次,,,
option.0942d3f17d504f01ba64169b17e2a578.89982570d3b94b6eba94ac12d6bcd220,第5次,,,
option.0942d3f17d504f01ba64169b17e2a578.0e90176ad31143ffb34fd32f6e760f3e,随机值小于选定阈值：A001,,,
option.0942d3f17d504f01ba64169b17e2a578.ca34994ef5a5407bb4f1b0bba46a69d1,首次为A001，第二次播放A002,,,
text.0942d3f17d504f01ba64169b17e2a578.7eef81d82ccf47339ce9fb3dfab527b4,今天整理下贡品吧,,,
text.0942d3f17d504f01ba64169b17e2a578.5ec567fe2854417ea024b35ea8880a98,能想出用这种可爱小东西供奉的也只有师父这样的住持了吧,,,
text.0942d3f17d504f01ba64169b17e2a578.645b5c5180c64ab9b48eb5c91ec32eba,本月的【收入】增加了~,,,
option.0942d3f17d504f01ba64169b17e2a578.8bf0a718e48e41e2a112a1344a1c9803,仅首次记为A001,,,
text.0942d3f17d504f01ba64169b17e2a578.65506c9eb01d43d4b1c6254175ed346f,山门前有点泥泞呢,,,
text.0942d3f17d504f01ba64169b17e2a578.6e571636ee22405c891dfe391856cd92,不好好打扫下的话，会有人滑倒,,,
text.0942d3f17d504f01ba64169b17e2a578.57cf81cb681b42ca9dc1688db906c6ec,本月的【收入】增加了~,,,
option.0942d3f17d504f01ba64169b17e2a578.1f8c560e73a6459b90d26248868287b4,仅首次记为A002,,,
text.0942d3f17d504f01ba64169b17e2a578.236300aa06ff443f88e8d71041d2641a,房间就是需要收拾的舒舒服服的才好睡觉,,,
text.0942d3f17d504f01ba64169b17e2a578.4918fd9a3d7a4499a7e2ccb34e4f13e5,（突然出现）大早上的就想睡觉，小懒鬼,,,
option.0942d3f17d504f01ba64169b17e2a578.bd3811fcff7f42db9ec029fbb474ca68,师父你这样不打招呼就进人房间很打扰啊喂,,,
option.0942d3f17d504f01ba64169b17e2a578.e9fd6b4f87444184878a4f924d334a45,师父你怎么不去庙里专门跑来看我,,,
text.0942d3f17d504f01ba64169b17e2a578.027054fbbd63483aa883cdfc78a09627,谁让你是我徒弟，你的房间我想进就进，随时抓到你偷懒,,,
text.0942d3f17d504f01ba64169b17e2a578.9301f8e29a324be8bd342889ef52f7e2,今天不忙嘛，监督下你有没有好好干活，果然在偷懒,,,
text.0942d3f17d504f01ba64169b17e2a578.7701f11468e049bb86bac7205bf4149e,我哪有在偷懒，我是在收拾自己房间,,,
text.0942d3f17d504f01ba64169b17e2a578.a92de51f9a9c4a84a325333d29fc4526,本月的【收入】增加了~,,,
text.0942d3f17d504f01ba64169b17e2a578.835e5f4b3c1945eeb64319da7ed54d50,今天人少，打扫下庙里吧,,,
text.0942d3f17d504f01ba64169b17e2a578.ec899eaf083a4525b3e9b76cf17faf91,诶？师父在上香？,,,
option.0942d3f17d504f01ba64169b17e2a578.40dc715c04a44f1396b43bc3ce746dc3,默默打扫，尽量不打扰师父,,,
option.0942d3f17d504f01ba64169b17e2a578.5f7f81bebca144e0bc2826781df074d5,和师父开玩笑,,,
text.0942d3f17d504f01ba64169b17e2a578.29f06c5424834723995a2f1cea67746a,弟子林夕染，诚心叩拜，上昭天光，下照地祇，谨奉香烛，虔修表文，伏愿神明慈悲，赐愚弟子可辖一地之资，不求丰功伟绩，但求平安顺遂。稽首百拜，谨疏以闻。 ,,,
text.0942d3f17d504f01ba64169b17e2a578.4d38c185d2f2442f9788056e6522fa2c,哇，师父好认真,,,
text.0942d3f17d504f01ba64169b17e2a578.dcc6246e45964f49a53d58b363f157a0,“弟子林夕染，诚心叩拜，希望祖师保佑我顿顿有零食，吃嘛嘛香，天天睡懒觉，中午才起床”,,,
text.0942d3f17d504f01ba64169b17e2a578.78e68b76d8b141b189ab066b5d7dc3e5,干嘛捣乱，欠打了是不是,,,
text.0942d3f17d504f01ba64169b17e2a578.3de74d91591b4758a185a1f517f208f9,祖师像前，戒嗔戒怒，善哉，善哉,,,
text.0942d3f17d504f01ba64169b17e2a578.1e1f256975484b6ea0b33f4240558cea,本月的【收入】增加了~,,,
text.0942d3f17d504f01ba64169b17e2a578.4d59c8eac38d47dab2ddf5bc8d74a76a,呦，【主角昵称】有好好在扫地呢。,,,
text.0942d3f17d504f01ba64169b17e2a578.ca3530626dfc47559adc861f877b1868,师父，如果脑子里的杂念也能像灰尘一样被扫掉就好了,,,
text.0942d3f17d504f01ba64169b17e2a578.9775cf54208e415183e6990ebe66eab8,小徒弟有什么心事？,,,
text.0942d3f17d504f01ba64169b17e2a578.b5811964ceb24360bb4d539a71b2dfc8,嗯……也没什么,,,
text.0942d3f17d504f01ba64169b17e2a578.8a64034458d94afaa106637427ce726a,就是……我不知道我该干什么。,,,
text.0942d3f17d504f01ba64169b17e2a578.511b437f46374de7a59983020e53165c,你该扫地呀,,,
text.0942d3f17d504f01ba64169b17e2a578.00bbad0a7b4047cbbf55821b42113184,不是，我是说，人生，未来，要做什么样的人，以什么为生。,,,
text.0942d3f17d504f01ba64169b17e2a578.c44d2c6a1075490ba604d9351e25ce1f,我觉得我，似乎在任何一条道路上都很失败。,,,
text.0942d3f17d504f01ba64169b17e2a578.c28abce186674ecd92f886c8ba08b887,上学压力很大，没有办法坚持下去，和同学的关系又有点糟糕，感觉格格不入。,,,
text.0942d3f17d504f01ba64169b17e2a578.bd457f9e9d3b44b492382d8c510c3a19,更确切地说，我也不知道我现在是什么样的人,,,
text.0942d3f17d504f01ba64169b17e2a578.ed3053fefb284a3f9bd54b83ffc8636d,朋友，家人，陌生人们，会怎么评价我,,,
text.0942d3f17d504f01ba64169b17e2a578.eea41099f1b94d079f18820bfe6c8b2a,师父是怎么知道自己要当道士，留在道观里，甚至要当住持的呢？,,,
text.0942d3f17d504f01ba64169b17e2a578.df534d7a94c44685a5d0df400330d8bd,师父是怎么知道自己一定会在这条路上变得优秀呢？,,,
text.0942d3f17d504f01ba64169b17e2a578.ceb70e25fb6240ea9f65f41f4f8e69b4,（摸摸头）【主角昵称】呀,,,
text.0942d3f17d504f01ba64169b17e2a578.4896f03f658541319b2e2c0d4e1352ae,人生的任何一条路都不会太顺畅。,,,
text.0942d3f17d504f01ba64169b17e2a578.81d2fb400add4e8ead54abef6d15cea3,我们看似拥有无穷多的选择，事实上，每当到达关键选择的节点，我们都会选择看似最有利且最稳妥的选项。,,,
text.0942d3f17d504f01ba64169b17e2a578.152dc38a6577408b9142d279ea3c2f36,我们能做的，只有适应自己的选择。,,,
text.0942d3f17d504f01ba64169b17e2a578.d12b79dd3e414ac6b76466d4c6686f84,努力活在这个选择里，全盘接收它带给你的好处和坏处，,,,
text.0942d3f17d504f01ba64169b17e2a578.781aa078cfb44c1fb2804eb3a2539666,直到有一天，你会发现，你的全盘接受让这个选项和你盘根错节地长在了一起。,,,
text.0942d3f17d504f01ba64169b17e2a578.82b0074c19ae48d7a4a12eec14494417,你就是它，它就是你。,,,
text.0942d3f17d504f01ba64169b17e2a578.1d312db90808400fb407fd2aba2e793e,所以师父也不知道自己会当住持吗？,,,
text.0942d3f17d504f01ba64169b17e2a578.7b03ec3bb5eb4b119c61eb2471e63691,师父只想在有限的选择里尽量当个有始有终的人。,,,
text.0942d3f17d504f01ba64169b17e2a578.14e56aefaf4e4ec5987e0c152edaf65c,可是自由呢？,,,
text.0942d3f17d504f01ba64169b17e2a578.18b7c2f1e7ab4b7c8bf5683d8707fc0e,如果不开心的话，难道不能放弃吗？,,,
text.0942d3f17d504f01ba64169b17e2a578.8531a3ffa01b43c68bc4285c439bfda6,选择绝对的自由是一种虚度光阴。,,,
text.0942d3f17d504f01ba64169b17e2a578.11fa8af283a64131b244b2da1cf2d0ea,好比对任何道路和选择都半途而废。,,,
text.0942d3f17d504f01ba64169b17e2a578.bfe988bab9d3402ca071975c6d4dc0ee,不管在哪条路上，我都希望【主角昵称】能做个自律的孩子，为自己的目标而努力。,,,
text.0942d3f17d504f01ba64169b17e2a578.710f77f8ee04419184676f0d0204314e,（点头）嗯嗯。,,,
ui.offeringSort.Title,整理祭品,,,
ui.offeringSort.Instruction,点选两个祭品，交换位置；再点已选祭品可取消,,,
ui.offeringSort.Unlimited,不限时 · 已用,,,
ui.offeringSort.Remaining,剩余,,,
ui.offeringSort.Seconds,秒,,,
ui.offeringSort.Hint,是不是需要将他按照顺序排列,,,
ui.pathCleaning.Title,清扫山路,清扫山路,清扫山路,清扫山路
ui.pathCleaning.Instruction,夹子：点垃圾夹起，再点垃圾桶放下；扫帚：扫动落叶；刷子：拖动擦除泥渍,夹子：点垃圾夹起，再点垃圾桶放下；扫帚：扫动落叶；刷子：拖动擦除泥渍,夹子：点垃圾夹起，再点垃圾桶放下；扫帚：扫动落叶；刷子：拖动擦除泥渍,夹子：点垃圾夹起，再点垃圾桶放下；扫帚：扫动落叶；刷子：拖动擦除泥渍
ui.pathCleaning.Broom,扫帚,扫帚,扫帚,扫帚
ui.pathCleaning.Brush,刷子,刷子,刷子,刷子
ui.pathCleaning.Tongs,夹子,夹子,夹子,夹子
ui.pathCleaning.HintLeaves,选中扫帚，按住路面扫动，把落叶推到左下方的收集区。,选中扫帚，按住路面扫动，把落叶推到左下方的收集区。,选中扫帚，按住路面扫动，把落叶推到左下方的收集区。,选中扫帚，按住路面扫动，把落叶推到左下方的收集区。
ui.pathCleaning.HintMud,选中刷子，按住泥渍来回擦，把它擦干净。,选中刷子，按住泥渍来回擦，把它擦干净。,选中刷子，按住泥渍来回擦，把它擦干净。,选中刷子，按住泥渍来回擦，把它擦干净。
ui.pathCleaning.HintTrash,选中夹子，点击垃圾夹起，再点击右下方垃圾桶放下。,选中夹子，点击垃圾夹起，再点击右下方垃圾桶放下。,选中夹子，点击垃圾夹起，再点击右下方垃圾桶放下。,选中夹子，点击垃圾夹起，再点击右下方垃圾桶放下。
ui.pathCleaning.WrongTool,这个工具似乎不太合适……,这个工具似乎不太合适……,这个工具似乎不太合适……,这个工具似乎不太合适……
ui.pathCleaning.SelectTool,先选一件工具吧。,先选一件工具吧。,先选一件工具吧。,先选一件工具吧。
ui.pathCleaning.Progress,已清理,已清理,已清理,已清理
ui.offeringSort.Completed,祭品已经整理好了！,,,
ui.minigame.TimeUp,时间到了！,,,
cmh.schedule.AfternoonCard,{month}月 · 下午,,,
cmh.schedule.MorningCard,{month}月 · 上午,,,
cmh.schedule.EveningCard,{month}月 · 傍晚,,,
cmh.schedule.TownCard,{month}月 · 第5天 · 进镇,,,
cmh.schedule.SettlementCard,{month}月 · 月末,,,
ui.pathCleaning.SmearedMud,污渍被扫开了，换刷子擦干净吧！,污渍被扫开了，换刷子擦干净吧！,污渍被扫开了，换刷子擦干净吧！,污渍被扫开了，换刷子擦干净吧！
option.0942d3f17d504f01ba64169b17e2a578.b2bb287201ad4e1c93d5d275ca115f52,已结识慕容盈袖，且本事件尚未播放,,,
option.0942d3f17d504f01ba64169b17e2a578.498cbae8cdcf40039649dd6cd490e979,已与燕于飞出游，且本事件尚未播放,,,
option.0942d3f17d504f01ba64169b17e2a578.cfaa0409033f42908f289f67b50371c0,普通种地事件一,,,
text.0942d3f17d504f01ba64169b17e2a578.46ad57e15e484ab1ad208e9be664cb60,到底哪个是草哪个是苗啊...,,,
text.0942d3f17d504f01ba64169b17e2a578.b862b44f21c34da59bb014abe3451b80,本月的【开支】减少了~,,,
text.0942d3f17d504f01ba64169b17e2a578.d174411f7e594de4a217cf6b2dd6ad42,师门的规矩是不能杀生，但是虫子在吃我养的菜这可怎么办。,,,
text.0942d3f17d504f01ba64169b17e2a578.e16f4fe3a68b4a1499f941edc7a767df,本月的【开支】减少了~,,,
text.0942d3f17d504f01ba64169b17e2a578.b03448491b6145e6a52936eda83689a0,水不能浇太多哦,,,
text.0942d3f17d504f01ba64169b17e2a578.f25007a48c3846df8ea9b7e8e51194df,袖子姐姐你来啦,,,
text.0942d3f17d504f01ba64169b17e2a578.023bec9e89ee4ee8968dca2b86bb98ee,来找师父吗,,,
text.0942d3f17d504f01ba64169b17e2a578.f0d61a2412554b12814825cce052e3a3,我就不能来找你吗,,,
text.0942d3f17d504f01ba64169b17e2a578.dd8b20c4d72448038abfdcdaef79ee6c,（脸红）有点，有点受宠若惊,,,
text.0942d3f17d504f01ba64169b17e2a578.e84266a106684ea29d4dff5e1f3dd2ae,你看，你种菜的时候呢，喜欢浇很多水,,,
text.0942d3f17d504f01ba64169b17e2a578.69c4b95d537948eebcc0a42f519e180d,植物不是都喜欢水吗,,,
text.0942d3f17d504f01ba64169b17e2a578.23e02df7d3ba428a9b124c2e6f549fe8,对哦，一点点水谁都喜欢,,,
text.0942d3f17d504f01ba64169b17e2a578.98f65b2200c84796affbf3da9ec5c009,但是多了就会涝,,,
text.0942d3f17d504f01ba64169b17e2a578.9181db53e74b4f948788a240ec690dde,会让植物无法呼吸,,,
text.0942d3f17d504f01ba64169b17e2a578.278b1fd7fabc46e3bfde1ece5281779d,所以有的时候即使是喜欢的东西,,,
text.0942d3f17d504f01ba64169b17e2a578.941b9c223e104a6aabd34e115f2649c4,也不能给太多哦,,,
text.0942d3f17d504f01ba64169b17e2a578.04be7f6106b34c488bf300c3b48519a1,更重要的是不要自己觉得他需要这么多，就给他这么多,,,
text.0942d3f17d504f01ba64169b17e2a578.25176fb00c9a4c0eb3fb29a393f45b6a,嗯，我懂了，要观察菜的状态,,,
text.0942d3f17d504f01ba64169b17e2a578.b0f8376309a048eeaa44fd298ae6c5bb,袖子姐姐看起来挺养尊处优一个人,,,
text.0942d3f17d504f01ba64169b17e2a578.5b87d41417a34f079065b081fc449ae5,没想到懂这么多种地的知识。,,,
text.0942d3f17d504f01ba64169b17e2a578.12949dea986e4f059c234aef137fab5a,不要以貌取人哦。,,,
text.0942d3f17d504f01ba64169b17e2a578.10a9ab2c0ad14a71bccd05135a3e3dba,本月的【开支】减少了~,,,
text.0942d3f17d504f01ba64169b17e2a578.903833193ab247e0b86256c62a6329cd,哟，还会种地呢,,,
text.0942d3f17d504f01ba64169b17e2a578.eb88b4ee1be34e879caeb22762f82672,给你看个宝贝（神秘兮兮地伸出握拳的手）,,,
text.0942d3f17d504f01ba64169b17e2a578.0ddf8926d37340eba8c7b17b497b6972,什么啊（凑上去）,,,
text.0942d3f17d504f01ba64169b17e2a578.46c0bf22f81543eb8b850634af7a82fb,啊啊啊啊啊啊啊啊好可怕的虫子,,,
text.0942d3f17d504f01ba64169b17e2a578.90b81efdd9b047238d740916fec1fac6,哈哈哈哈哈哈哈哈（笑的直不起腰）,,,
text.0942d3f17d504f01ba64169b17e2a578.e948737f2fe14c2ebff8482c0677198d,哼，千辛万苦爬上山来就为了用虫子吓我一跳,,,
text.0942d3f17d504f01ba64169b17e2a578.091dd2499ce549618c44cf308133d878,哪有，我是为了给你这个（掏出一个盲盒）,,,
text.0942d3f17d504f01ba64169b17e2a578.7bde5260fc3646efbd03bfdd7e3746fe,打游戏赢的票兑换的,,,
text.0942d3f17d504f01ba64169b17e2a578.03ced41d65dc43808e38557965c88704,好人好人，原谅你了,,,
option.0942d3f17d504f01ba64169b17e2a578.15b2f51f5f544ba4a9453e0f1f11deaf,第1次香客聊天,,,
option.0942d3f17d504f01ba64169b17e2a578.0a0032446a8f49759fd1f70f927f9b05,第2次香客聊天,,,
option.0942d3f17d504f01ba64169b17e2a578.c68b6545589944f097191f2f4b725990,第3次香客聊天,,,
text.0942d3f17d504f01ba64169b17e2a578.deadaba13bd148a0853f698ad01913e8,说起来我们这个山上,,,
text.0942d3f17d504f01ba64169b17e2a578.384070cc52144d089fae55515ea07d66,还死过几个人,,,
text.0942d3f17d504f01ba64169b17e2a578.25a082f7dee4473b92de5293755412e8,啊？怎么死的,,,
text.0942d3f17d504f01ba64169b17e2a578.7970a13547924b0dbefc9467a01fbe32,被后山的妖怪杀死的,,,
text.0942d3f17d504f01ba64169b17e2a578.56af35be24394a4e9c981c255fc8dce8,死状非常惨烈,,,
text.0942d3f17d504f01ba64169b17e2a578.3bb991ee13d54948acb1ee7648ad7400,最早死的是两兄弟,,,
text.0942d3f17d504f01ba64169b17e2a578.c3d0f27d411e4217a079360b9a97d5b2,是镇上张庄主家的两个少爷,,,
text.0942d3f17d504f01ba64169b17e2a578.53fd44c6551e4b77a106ca00eed5ffd5,一个被发现的时候浑身上下好像被用开水烫过一般,,,
text.0942d3f17d504f01ba64169b17e2a578.1beafdd751e4444ea2e491d055cf0690,没有一块好皮,,,
text.0942d3f17d504f01ba64169b17e2a578.c47818d0fb7e487b8eea2b3bb4bebb56,另一个被发现的时候身上有密密麻麻的钉子眼,,,
text.0942d3f17d504f01ba64169b17e2a578.2181a4c018be4dbe88e66c24dde33bb6,失血过多而死,,,
text.0942d3f17d504f01ba64169b17e2a578.98cc8fdbd781485389a928eab8a22f55,两个人都是半大的孩子,,,
text.0942d3f17d504f01ba64169b17e2a578.b00a08fc0ab141c8897f95569e702034,啥时候的事啊,,,
text.0942d3f17d504f01ba64169b17e2a578.030efdcb3d2e4216b4cc0a75940ca8d1,也就七年前左右,,,
text.0942d3f17d504f01ba64169b17e2a578.c049ed7c3f5042d08d314f77786b99d5,那也没过去很久，凶手呢？,,,
text.0942d3f17d504f01ba64169b17e2a578.f1933d1d42034f34ab92401d48ea8baa,总之呢，张庄主在那之后就又悲又怒,,,
text.0942d3f17d504f01ba64169b17e2a578.0fe8eb07d01048ff8901c968d522af2b,搜遍了一整个山，只想找到凶手，然后把他千刀万剐,,,
text.0942d3f17d504f01ba64169b17e2a578.6b9ddc151a9f4a6eb41a3bbd003749fd,遗憾的是没有找到,,,
text.0942d3f17d504f01ba64169b17e2a578.0a26dc9eb6fe44a2b9c532c065322287,而且呢，那两个孩子的死状过于奇怪,,,
text.0942d3f17d504f01ba64169b17e2a578.d5891b36d89f4e6fb513fc7e374a5565,传闻说不是人干的，有可能是妖怪,,,
text.0942d3f17d504f01ba64169b17e2a578.818f93ac590744058999a276b5e4ed12,啊？那我们住在这里很不安全诶,,,
text.0942d3f17d504f01ba64169b17e2a578.89e0d7b4ce1c4949bbd086e85e6db5ee,没事的，只要你不去后山乱逛就好,,,
text.0942d3f17d504f01ba64169b17e2a578.75410fb2c9a0462fa033dd494df5bf03,被发现出事的几个人无一例外是去了后山,,,
text.0942d3f17d504f01ba64169b17e2a578.c944f5f081e645199cad20eca96f7866,好，那我还是乖乖在庙里干活好了,,,
text.0942d3f17d504f01ba64169b17e2a578.d4e2bc53bce94f9bbd855518483c88ce,这座山后面呢，其实很适合开发成旅游景点,,,
text.0942d3f17d504f01ba64169b17e2a578.c447621ccb0e47699763a8e45244b6d9,有什么特别吗？,,,
text.0942d3f17d504f01ba64169b17e2a578.ee52b30a6dde4923b5a1ba0d9fce4439,小时候去后山看过一次，有一片长得很茂密的灌木,,,
text.0942d3f17d504f01ba64169b17e2a578.7d143b624bab436db5dc5f5400c3fba3,灌木有啥新鲜的,,,
text.0942d3f17d504f01ba64169b17e2a578.af9a3f0dabc94701ac755441fac2a4b8,新鲜的不在于灌木的长相，而在于灌木的香气,,,
text.0942d3f17d504f01ba64169b17e2a578.a03cfa1442e04d149d1daff572e6ec66,香的很浓郁持久,,,
text.0942d3f17d504f01ba64169b17e2a578.e93005ece2a44379b168e8a6b8f851ac,我摘了一片叶子夹在我当时在读的一本书里,,,
text.0942d3f17d504f01ba64169b17e2a578.f83e4b01397f4b2686502e7d9802521e,后来这本书香了3年，3年以后味道才开始慢慢变淡,,,
text.0942d3f17d504f01ba64169b17e2a578.5592dcbe928b421290920e0eb30e2ae0,有人说这香还有别的作用,,,
text.0942d3f17d504f01ba64169b17e2a578.0e73249c6c8246b5b8e978a49f4e0efb,但是我就不太清楚喽,,,
text.0942d3f17d504f01ba64169b17e2a578.fbfd2b7ee7584ba7a59b0cff6c21b661,那为啥没有开发，开发完这边应该会变有钱吧,,,
text.0942d3f17d504f01ba64169b17e2a578.0a8d8b25164b40cba6e8036474f7372f,因为7年前两个男子的死因没查清楚,,,
text.0942d3f17d504f01ba64169b17e2a578.a65135cde80e442caa21ca86c6a40c1c,让大家觉得后山很危险，不敢开发，怕再出事,,,
text.0942d3f17d504f01ba64169b17e2a578.96a6ac0d82cf4442bf8893d24fc9d21d,男子？不是孩子吗,,,
text.0942d3f17d504f01ba64169b17e2a578.e1aa59318f4741f49b38fd77c3c6b827,都十七了，再怎么也不能叫孩子吧,,,
text.0942d3f17d504f01ba64169b17e2a578.ebb42172ff8945c48d0493dc7f448224,那确实，都快成年了,,,
text.0942d3f17d504f01ba64169b17e2a578.4509afd3e0a140e690e6a47e4b4467e8,不过听说那俩男子从小就比较淘气,,,
text.0942d3f17d504f01ba64169b17e2a578.c1d1bf13e7dc47dd9ca0bfe102f45c08,哦哦所以才会半夜去后山,,,
text.0942d3f17d504f01ba64169b17e2a578.d75de56ecc374bc78a5e010efed9c424,白天去后山完全安全的，而且近今年没什么人敢去，环境应该恢复的很好,,,
text.0942d3f17d504f01ba64169b17e2a578.5688840b2d62438c8acdf6bf115222d2,据说还有人把不想被人发现的宝贝藏在那里,,,
text.0942d3f17d504f01ba64169b17e2a578.40918dd16422496e9e394327a727b4ea,"不知道都是什么宝贝呢？我有机会去玩玩
",,,
text.0942d3f17d504f01ba64169b17e2a578.cb91287f403e4ff494094eaf6d98d499,【后山探险】选项解锁,,,
text.0942d3f17d504f01ba64169b17e2a578.d0dc32a023684b568cfdf1d93a9c6db8,咱们这个地方啊，真是一年不如一年,,,
text.0942d3f17d504f01ba64169b17e2a578.ba7f7ff3f51a48f9aee1e6eb55327dd7,为什么这样说,,,
text.0942d3f17d504f01ba64169b17e2a578.7dc66362d3574bfdad5fa6f6f5b2a0a7,想当年我小的时候,,,
text.0942d3f17d504f01ba64169b17e2a578.4e18eefe613e4c13b356f9a2db81567a,观里香火多旺啊,,,
text.0942d3f17d504f01ba64169b17e2a578.b844424d5e7c4615a75094f480c3f9d5,来的游客也多,,,
text.0942d3f17d504f01ba64169b17e2a578.fba663563d18421e9b7186f1d08c5ad7,我们家生意也好做,,,
text.0942d3f17d504f01ba64169b17e2a578.f6f587e16c3246d3ac242cb3955e2525,看看现在，人少的可怜,,,
text.0942d3f17d504f01ba64169b17e2a578.779c233627a24679bcb331ef88eaadac,人怎么就变少了呢,,,
text.0942d3f17d504f01ba64169b17e2a578.1109a7f8f5694a51b487bc0a8d070221,还不是因为七年前的事故,,,
text.0942d3f17d504f01ba64169b17e2a578.baba2b2ac08349489c55ffb287eff59e,是说那两个人在后山死掉的悬案吗,,,
text.0942d3f17d504f01ba64169b17e2a578.63cef97fdedd4a0182bd208cecd9082f,对啊，还有后续的一系列事件,,,
text.0942d3f17d504f01ba64169b17e2a578.c912817a01f74e35bd90e01f9c427b4a,要我是镇长，我就随便抓个人顶罪,,,
text.0942d3f17d504f01ba64169b17e2a578.39c7f50215b0498e85b3d67493e0ece0,这样大家就没这么担惊受怕了，这地方的经济就能恢复了,,,
option.0942d3f17d504f01ba64169b17e2a578.33bf0387a1eb4d5fbfe8a9add86b497f,但是这样对顶罪的人很不公平吧？,,,
option.0942d3f17d504f01ba64169b17e2a578.e5780adfdbab43749f8dc2b718309a89,倒也是一条路,,,
text.0942d3f17d504f01ba64169b17e2a578.a583b124532946f19ac532041c9ee59a,比起地方经济这种大事而言，个人的功过是非简直微不足道,,,
text.0942d3f17d504f01ba64169b17e2a578.9c4347f056c04d668dd619bd3974855e,另一种电车难题了属于是,,,
text.0942d3f17d504f01ba64169b17e2a578.01eda26f71d648528a0e72f21005accc,有天我去后山采药,,,
text.0942d3f17d504f01ba64169b17e2a578.78ac4bcde1c7491998828a664a60b96a,不小心看到了一桩怪事,,,
text.0942d3f17d504f01ba64169b17e2a578.ec7076879adf481fab68e02355c75c01,有颗很粗的树上歇着个人,,,
text.0942d3f17d504f01ba64169b17e2a578.e4717b240dce4bc18da53e8a906f7a1f,上身就是正常的人形,,,
text.0942d3f17d504f01ba64169b17e2a578.4c46bf71e0ca4abca544f1028f944034,下身是蛇尾巴，有水盆那么粗,,,
text.0942d3f17d504f01ba64169b17e2a578.98901eb6562040d08a96bf8bf5283e51,哇好吓人啊,,,
text.0942d3f17d504f01ba64169b17e2a578.fb14ca075ae0472d98cf82544fd181c1,但是等我回过神来想仔细看下的时候,,,
text.0942d3f17d504f01ba64169b17e2a578.2b62e81af9fb4547b7b7f4cd814777b2,突然找不见那个人了,,,
text.0942d3f17d504f01ba64169b17e2a578.c3d073b17a9b4f0cb5dc381b403624cd,不知道是不是上年纪了,,,
text.0942d3f17d504f01ba64169b17e2a578.0f3bf0ae235f405da77e42eee5fcdb91,天天听大家说那些可怕的事,,,
text.0942d3f17d504f01ba64169b17e2a578.d56a4a61ecf74e3eb19b6115a27d3f4e,是我的话我也可能把藤蔓看成怪兽,,,
character.CMH_xk,香客,,,
character.CMH_mryx,慕容盈袖,,,
character.CMH_yyf,燕于飞,,,
option.0942d3f17d504f01ba64169b17e2a578.dd598bff27404b14ab2f5bf0d9db0410,首次外出,,,
text.0942d3f17d504f01ba64169b17e2a578.40d6c1a44102479cbda5a898afce0194,现代社会还有谁用纸飞机约人出去啊,,,
text.0942d3f17d504f01ba64169b17e2a578.2efc5c3dfefb4a7db03d825fa150fcc4,走啦,,,
text.0942d3f17d504f01ba64169b17e2a578.59ddc4eb3b7348cf83236a6608e0e125,我还没答应要和你出去呢,,,
text.0942d3f17d504f01ba64169b17e2a578.84791d66af5544f5b74b554b1d008fe2,闲着也是闲着,,,
text.0942d3f17d504f01ba64169b17e2a578.1e737f9ccc7542c08d18b388fe0665b9,师父让我离你远点,,,
text.0942d3f17d504f01ba64169b17e2a578.0f3a9e862d784eb49e31b95d1a33845a,小染这么讨厌我吗,,,
text.0942d3f17d504f01ba64169b17e2a578.47831c19d06343dc934cd50bd645b2db,她说你很不负责,,,
text.0942d3f17d504f01ba64169b17e2a578.8e8d2ac28296432a9209767b2ee1fc5d,那【主角昵称】怎么想呢？讨厌我吗？,,,
option.0942d3f17d504f01ba64169b17e2a578.1f85fba2c0224b48ba722f5c8fa68924,有点……,,,
option.0942d3f17d504f01ba64169b17e2a578.e91fd076b35945ceb8ced218fcf3ee78,说不上喜欢也说不上讨厌,,,
text.0942d3f17d504f01ba64169b17e2a578.5418678dda33401db4924ec45a736f89,有什么需要我负责的吗？,,,
text.0942d3f17d504f01ba64169b17e2a578.93c4bc4ec1654b72b75cbb02ee2657da,没有……,,,
text.0942d3f17d504f01ba64169b17e2a578.0610b2b0af89411296beb6f43c9313dc,那不得了，没有需要我负责的就没有讨厌我不负责的理由,,,
text.0942d3f17d504f01ba64169b17e2a578.3b5f6153957e4963a60a4988a8d9cc0f,那倒是,,,
text.0942d3f17d504f01ba64169b17e2a578.ff2fc70aa04b43ecaf62d15022b7a493,去哪里玩,,,
text.0942d3f17d504f01ba64169b17e2a578.4e896ff88dd2441dad187d94603ceda2,今天游戏厅休息，我们去钓鱼吧,,,
text.0942d3f17d504f01ba64169b17e2a578.4da196e36d814ef69acb6a9ffe06db0d,好,,,
text.0942d3f17d504f01ba64169b17e2a578.81b44c412e9d4e37a888ecf052d411ce,……这就是你说的钓鱼吗……,,,
text.0942d3f17d504f01ba64169b17e2a578.5aadbba5f3064b939fb3252d8f6be7df,怎么啦，看不起我们的小镇娱乐？,,,
text.0942d3f17d504f01ba64169b17e2a578.af84186de9d34e5bae3e8cc1fe697b6f,我以为会更自然更山野一点……,,,
text.0942d3f17d504f01ba64169b17e2a578.c8916353eb684009aced17842f148081,比起在山里被蚊子咬,,,
text.0942d3f17d504f01ba64169b17e2a578.0f62c2f2487a439088aeaf2eced351f6,这样难道不是更休闲吗？,,,
text.0942d3f17d504f01ba64169b17e2a578.e3eecdc317944e6981b67c8d7e0b40fe,（过了一会儿）,,,
text.0942d3f17d504f01ba64169b17e2a578.c865389de4384d71be68065fa74426b9,老板，不用找了,,,
text.0942d3f17d504f01ba64169b17e2a578.5073ac8ab5004f0e9c9b6c2a2d2d8d50,走，带你吃烧烤,,,
text.0942d3f17d504f01ba64169b17e2a578.e45b559c854d4fc18d996dc32189caea,我想吃炸蚕蛹和烤蝎子,,,
text.0942d3f17d504f01ba64169b17e2a578.aaef5e2bc41044208782553c7394f9c7,好异食癖的选择,,,
text.0942d3f17d504f01ba64169b17e2a578.d204b10cdde54085a45848d34809eeaf,我不去，我要回观里了，晚了师父要查岗,,,
text.0942d3f17d504f01ba64169b17e2a578.0d27d8ab49504e00b5b06bbfb489dc8f,拜拜,,,
text.0942d3f17d504f01ba64169b17e2a578.0e361773b9e74cacb470783e68f4a4e9,走啦,,,
text.0942d3f17d504f01ba64169b17e2a578.f05e9c386ae54dc5974b8bfd11e1f2ae,……,,,
text.0942d3f17d504f01ba64169b17e2a578.2a1f6b63156b4bb19908247eeeb04714,发消息都没用，每次喊你都得人肉来喊,,,
text.0942d3f17d504f01ba64169b17e2a578.ab81117da5274e64b64aedee8fdfd54a,我今天在镇子上的市集看到了好东西,,,
text.0942d3f17d504f01ba64169b17e2a578.eac62b4d9c2f4b359559c2c49c372d38,一个穿着长袍，裹着头巾的老板驾着一辆马车，车上有块紫红色的帷幔《穿越千古的人头蛇身美女，请在此窗口一探究竟》,,,
text.0942d3f17d504f01ba64169b17e2a578.d8b405880c284b87b11b28578253ffdd,听起来好像十几年前的电视综艺会拍的内容,,,
text.0942d3f17d504f01ba64169b17e2a578.c87f1ca1350f4b4fbbd5c002e7f6bbb0,陪我去看嘛，我不敢一个人去,,,
text.0942d3f17d504f01ba64169b17e2a578.f0ec1ab7f6eb4b7aad425601e467ce8c,还有我们大师伯会怕的东西？,,,
text.0942d3f17d504f01ba64169b17e2a578.92fb006d6f944dd2a25202ecff355934,……好无聊哦,,,
text.0942d3f17d504f01ba64169b17e2a578.417177fb05c74f8588a151573c86734c,感觉就是把动物骨架和蛇的骨架拼起来泡在玻璃罐里,,,
text.0942d3f17d504f01ba64169b17e2a578.fd6c74b2cf614ebdb23319d742b9a164,感觉被骗了,,,
text.0942d3f17d504f01ba64169b17e2a578.8d5dba7662ef4f348f616766c9da6a92,你，赔我门票钱,,,
text.0942d3f17d504f01ba64169b17e2a578.fa294e4c9c584bd9b25de665f1c351d6,我要上厕所，先走一步嘻嘻,,,
text.0942d3f17d504f01ba64169b17e2a578.5da4d35a99ff482e80313740679215b8,跑得倒是快,,,
option.0942d3f17d504f01ba64169b17e2a578.34cfcc581478474688d51912dc69ac1d,未播放的 G001,,,
option.0942d3f17d504f01ba64169b17e2a578.1443d7c1d25a4800aa510490f57d620b,未播放的 G002,,,
option.0942d3f17d504f01ba64169b17e2a578.a16d2679ae87477a9ec51bdc7402d1d7,未播放的 G003,,,
option.0942d3f17d504f01ba64169b17e2a578.0a5d9d1581264a3abc12fbbe841c6824,未播放的 G004,,,
option.0942d3f17d504f01ba64169b17e2a578.8d7dc74d3f144a219927398eed3d1f19,未播放的 G005,,,
option.0942d3f17d504f01ba64169b17e2a578.09419f57130a4e63981b07ec9e24b085,未播放的 G006,,,
option.0942d3f17d504f01ba64169b17e2a578.1098b10f78664349be70652db47da924,未播放的 G007,,,
text.0942d3f17d504f01ba64169b17e2a578.f26ef12b0f3d4af787fecc676b387430,师父师父，我们教派可以吃肉吗,,,
text.0942d3f17d504f01ba64169b17e2a578.cf0c66bc5a7747e48b8a15d6a020ed3a,其实是可以的哦,,,
text.0942d3f17d504f01ba64169b17e2a578.aad23fd115734d60a6a214c375ab8ab6,那为什么没有肉,,,
text.0942d3f17d504f01ba64169b17e2a578.dd407471005b417f88aa1a9a6ea72ae2,因为有人偷懒不好好干活所以我们这个月吃不起哦,,,
text.0942d3f17d504f01ba64169b17e2a578.1131ed6126e24a5c820246ebf44ba6f0,哼,,,
text.0942d3f17d504f01ba64169b17e2a578.3ff15f358ea047258b948742c44fe0c6,师父师父,,,
text.0942d3f17d504f01ba64169b17e2a578.bb3819532b3b4c5d9279e425757ee09a,怎么啦,,,
text.0942d3f17d504f01ba64169b17e2a578.e9876c32770b4204bda0d4645f4dc6f3,你碗里面有虫子,,,
text.0942d3f17d504f01ba64169b17e2a578.ce12aeb571cb4dc9b8364b72058cc917,啊啊啊快帮我挑出去,,,
text.0942d3f17d504f01ba64169b17e2a578.7c1c220cac0248bfbf0d6d075026f231,嘿嘿其实只是菜末,,,
text.0942d3f17d504f01ba64169b17e2a578.f1d23546d90948e6937c829e441b089f,坏死了,,,
text.0942d3f17d504f01ba64169b17e2a578.6165e1582c44459aa6f182d3a38ce80a,来认识一下,,,
text.0942d3f17d504f01ba64169b17e2a578.7860703c1e1f434c8ded7b1444bc62c9,这是我的朋友慕容盈袖，她偶尔会来找我喝茶,,,
text.0942d3f17d504f01ba64169b17e2a578.b96e985e7deb4362a877b63f955a93f6,你叫她袖子姐姐就好了,,,
text.0942d3f17d504f01ba64169b17e2a578.8235466e8c644e3d9fa3bd708d7a8fb6,她叫你师父，叫我姐姐，那你岂不是比我辈分大了,,,
text.0942d3f17d504f01ba64169b17e2a578.510581c1bf774e338d9e0a1a4f3a67b2,嘻嘻,,,
text.0942d3f17d504f01ba64169b17e2a578.78dba0fd469e4f29a1f26bebbb7c9d8b,袖子姐姐，你和师父是怎么认识的,,,
text.0942d3f17d504f01ba64169b17e2a578.fb277913d1c6410d84fa37f575116d99,我们啊，很小的时候就认识了,,,
text.0942d3f17d504f01ba64169b17e2a578.e6d0817b854549daab05649987784751,有一天小染去后山采药，从山坡上滚了下来，正好被我接到了,,,
text.0942d3f17d504f01ba64169b17e2a578.d9fee645af4244fc9f65700a8ca84f70,袖子姐姐是师父的救命恩人哦,,,
text.0942d3f17d504f01ba64169b17e2a578.8c0e2b038b7d40f181eb11e15897890a,太夸大了啦，就算袖子没有接住我，我最多也就是骨折而已，养两个月就好了,,,
text.0942d3f17d504f01ba64169b17e2a578.ff14097c821e4d138dc077e97b423475,那师父小的时候是什么样子的呢,,,
text.0942d3f17d504f01ba64169b17e2a578.d589ab5be74b4c988fef064c5d9a55e8,这个啊，让我想想,,,
text.0942d3f17d504f01ba64169b17e2a578.56b49ed89b4b44a6bcfaffd49ac2d9e7,很用功，很坚强一个小孩子,,,
text.0942d3f17d504f01ba64169b17e2a578.5aa415f52a2d4d74a3dee447f6c056ba,【主控昵称】应该知道吧，小染是拂云观近百年以来最年轻的住持哦,,,
text.0942d3f17d504f01ba64169b17e2a578.2f28792443464dcda859b5d312fd737f,怎么把我没什么资历这个事都抖搂出来了,,,
text.0942d3f17d504f01ba64169b17e2a578.472375a83a5b4d79957c98025d6f854e,师父好厉害,,,
text.0942d3f17d504f01ba64169b17e2a578.7dbca28d77ab4bfeb58d7e67af39f4ec,现在想起来感觉小染的刻苦程度完全超出了那个年龄的小孩子,,,
text.0942d3f17d504f01ba64169b17e2a578.851773e019f54940bcf359089ef12b78,比起小染来说，妹妹你更有这个年龄该有的悠闲气质,,,
text.0942d3f17d504f01ba64169b17e2a578.d8edf5e4de194243b0f8e42516778398,袖子姐姐不知道是在夸我还是在损我,,,
text.0942d3f17d504f01ba64169b17e2a578.cd0e1ba2a88b460dbb47aa541a992bb1,这么不自信吗？,,,
text.0942d3f17d504f01ba64169b17e2a578.6912f6b403b84b55994741993a86a3fa,袖子姐姐很喜欢妹妹你,,,
text.0942d3f17d504f01ba64169b17e2a578.f9d5df9dd2b0482fbffc7afe356e469a,真的吗？,,,
text.0942d3f17d504f01ba64169b17e2a578.57affb3dbac34e44bf3c0b72fa6edfc1,是哦,,,
text.0942d3f17d504f01ba64169b17e2a578.68377c612593459c937efd324f1b7d95,我有什么可值得喜欢的,,,
text.0942d3f17d504f01ba64169b17e2a578.d063bbb85dfc45bdb66a5fdbf971be60,我的舍友，我的导员，甚至我的妈妈都不喜欢我,,,
text.0942d3f17d504f01ba64169b17e2a578.411111b95c104af9bb8e95bd7530ec06,为什么呢,,,
text.0942d3f17d504f01ba64169b17e2a578.7a05627154c944ed8feb7a80b7a44c28,舍友因为不追星说我无趣,,,
text.0942d3f17d504f01ba64169b17e2a578.a6a8c07fd08f4d3ba454f7559b3127ff,导员因为我不用功说我不是个合格的大学生,,,
text.0942d3f17d504f01ba64169b17e2a578.b024c18f5f08491ab9df7b97c8b990c6,我的妈妈，时而觉得我是累赘，时而觉得我是废物,,,
text.0942d3f17d504f01ba64169b17e2a578.774cdf1a0cb64593b53a6959520b6372,不是这样的哦,,,
text.0942d3f17d504f01ba64169b17e2a578.d75c556530f64b59b7613f79753770e6,【主控昵称】是个做事细致认真的好徒弟,,,
text.0942d3f17d504f01ba64169b17e2a578.bc66e13737504a7fa6b84e1b1d022686,希望我的下一个徒弟也能像【主控昵称】一样好,,,
text.0942d3f17d504f01ba64169b17e2a578.346a5e1ca70f481d8c72210b073c9394,也是个让人感到真诚坦率的孩子,,,
text.0942d3f17d504f01ba64169b17e2a578.de6c048565bb4297bb5d9c1112453b0a,虽然我是第一次见到你,,,
text.0942d3f17d504f01ba64169b17e2a578.c1a92e1ca07e4b4c8b1292834eefe96c,但是我很喜欢你,,,
text.0942d3f17d504f01ba64169b17e2a578.095c4f0e4845498b8548acd99b185986,……但是……但是这种时候我会害怕,,,
text.0942d3f17d504f01ba64169b17e2a578.fe2a08b9742348fa884a117cf53bba01,今天的花茶，甜到有些发苦呢,,,
text.0942d3f17d504f01ba64169b17e2a578.9a9b354fee7e4c308c2875ce3dada26a,帮我尝尝是这样吗,,,
text.0942d3f17d504f01ba64169b17e2a578.4529f6deafc9488990d8a7b35e4010e4,啊……咕噜噜,,,
text.0942d3f17d504f01ba64169b17e2a578.88cbeed34c6d4fd090605a15dfe91012,好了袖子，不要逗我们家的小徒弟了,,,
text.0942d3f17d504f01ba64169b17e2a578.a478c8714398483aae28287f2f4599f2,真的很可爱呢，哪天不要的话送我好了,,,
text.0942d3f17d504f01ba64169b17e2a578.e7c2de4eada2478f9cf25a3c0f816a11,喂……,,,
text.0942d3f17d504f01ba64169b17e2a578.1bca6f92f2d948cf8e0a42cdfa18d474,师父师父，我种的菜好吃吗？,,,
text.0942d3f17d504f01ba64169b17e2a578.0004a8661e144bdd8c65941b113c18fd,好吃好吃【主角昵称】最棒了,,,
text.0942d3f17d504f01ba64169b17e2a578.099e6bd29c754789a420a442d738d8e7,嘻嘻其实是从山下面超市买的,,,
text.0942d3f17d504f01ba64169b17e2a578.05f4e9b96baa47fdad944174cfbe41f3,哼，就知道你种不出来,,,
text.0942d3f17d504f01ba64169b17e2a578.94cce8bf2d674646bf8ba34577f38188,（嚼嚼嚼）啊唔啊唔啊唔啊唔,,,
text.0942d3f17d504f01ba64169b17e2a578.6398a20a3f214f43a0a94dbf7b78f767,（盯）,,,
text.0942d3f17d504f01ba64169b17e2a578.b353fb7369c1460181cda26848f04049,（嚼嚼嚼）啊唔啊唔啊唔啊唔,,,
text.0942d3f17d504f01ba64169b17e2a578.f2c3d45257ab403c80c03e17479876e5,……,,,
text.0942d3f17d504f01ba64169b17e2a578.6efedee2837e405da0fb2f2ab15de166,（嚼嚼嚼）啊唔啊唔啊唔啊唔,,,
text.0942d3f17d504f01ba64169b17e2a578.223aa948dcda4743bc7f785a2400a167,【主角昵称】！,,,
text.0942d3f17d504f01ba64169b17e2a578.da418af0a6844bfb84708623937c2361,怎么啦师父,,,
text.0942d3f17d504f01ba64169b17e2a578.2d983a7ddcfc4391931bfff1bc772b2d,你怎么光吃饭不和我说话！,,,
text.0942d3f17d504f01ba64169b17e2a578.0530066adc6245d1b884597db1d5f29f,因为饭好吃啊,,,
text.0942d3f17d504f01ba64169b17e2a578.b43f9a16e7414ed8904fa9dde5fd297a,好啦，师父想说什么,,,
text.0942d3f17d504f01ba64169b17e2a578.b661a4653b6641b5b6ddc3b495ab66fe,不说了！,,,
text.0942d3f17d504f01ba64169b17e2a578.a60329a0abf54295b1d214ee5dc26066,嘿嘿嘿，今天师父不在，一个人吃点好的,,,
text.0942d3f17d504f01ba64169b17e2a578.b11167368f9849588cc9970aaaea0339,师父，师伯是什么样的人啊,,,
text.0942d3f17d504f01ba64169b17e2a578.27fbf0c5fb914aa3915a48f1f371241a,师伯啊，有点内向，规规矩矩的,,,
option.0942d3f17d504f01ba64169b17e2a578.460f09314dc1451cb1a21167874b58b6,咦？我那天碰到他的时候他好自来熟,,,
option.0942d3f17d504f01ba64169b17e2a578.bdad4993e9c94b66a4795004846679e8,哦哦这样啊,,,
text.0942d3f17d504f01ba64169b17e2a578.e098272ee3694cefa9dd43b5534af799,什么？你师伯不是去进修了吗？,,,
text.0942d3f17d504f01ba64169b17e2a578.415b01e95b3c415898729b5273eee389,我在山下买东西回来的时候碰见他了，他和我说他叫燕于飞,,,
text.0942d3f17d504f01ba64169b17e2a578.0dfcb0d340e94ae18b4cd5866657a13f,哦，他呀，别提他了,,,
text.0942d3f17d504f01ba64169b17e2a578.eeea59be507e40ba87bf0e4de0adda94,他说是我师伯，但是又不在庙里住,,,
text.0942d3f17d504f01ba64169b17e2a578.657f260d2e9048c0a6279e28f0922254,他是个很不负责的人,,,
text.0942d3f17d504f01ba64169b17e2a578.214281c10643467388c993701944b856,之前因为一些原因，和师叔公的关系搞得非常糟糕,,,
text.0942d3f17d504f01ba64169b17e2a578.3ba0796a2c7e4002ae433c1fd461eaef,但是他是师叔公一手带大的，最后也没有逐出师门,,,
text.0942d3f17d504f01ba64169b17e2a578.9b368a42a1b84301bff9d8c33b04b3a9,只是不让他回来住,,,
text.0942d3f17d504f01ba64169b17e2a578.e7cedfad591d48049a74b9d176cdf3b7,所以名义上确实他还是你师伯,,,
text.0942d3f17d504f01ba64169b17e2a578.a607a8c6e4fe472fbe8e67a2e331694c,什么原因呀,,,
text.0942d3f17d504f01ba64169b17e2a578.aa95a06b4e37484ab1ab4e97c1596762,师父不想聊这个，换个话题吧,,,
text.0942d3f17d504f01ba64169b17e2a578.b560534bda434df8b3c55271a5dcdd9a,下次见到他也不用打招呼，离他远点就是了,,,
text.0942d3f17d504f01ba64169b17e2a578.523f24811e9c4293ab6fa835a9a01718,好，听师父的~,,,
text.0942d3f17d504f01ba64169b17e2a578.84aecdff4999485ebeabe0b633329b59,今天师父不在哦,,,
text.0942d3f17d504f01ba64169b17e2a578.59cfa776c9e64d08abfba805ace6a363,姐姐来陪你吃,,,
text.0942d3f17d504f01ba64169b17e2a578.0d614dbf8b0e4d29ae71786120c20e22,师父呢？,,,
text.0942d3f17d504f01ba64169b17e2a578.125d2bcb4a5e4b0899421ecaa0159e5a,在忙别的事,,,
text.0942d3f17d504f01ba64169b17e2a578.ab5cc411a11f46c1af4875930f57626e,怎么啦,,,
text.0942d3f17d504f01ba64169b17e2a578.ef8adba924064e50a6c5915f0cbea1d8,姐姐比不上师父吗？,,,
text.0942d3f17d504f01ba64169b17e2a578.4be199bb794a4b7eae75632b1eb3c589,哪有,,,
text.0942d3f17d504f01ba64169b17e2a578.7732e45dc38e4b2a86178904b5652e72,姐姐做的饭好香,,,
text.0942d3f17d504f01ba64169b17e2a578.7d5875b2928d49b68fbde0da13b1bb0d,有一种很特别的香料气息,,,
text.0942d3f17d504f01ba64169b17e2a578.8804aa4c5d884553beb6390b0e27f61d,（凑近）姐姐也有涂秘制香哦，要不要闻闻看？,,,
option.0942d3f17d504f01ba64169b17e2a578.aafd7911a42c4b31a949dd5bda81dd4e,想闻！,,,
option.0942d3f17d504f01ba64169b17e2a578.a49d33f251ed418e8f66089eb7f32311,先吃饭啦,,,
text.0942d3f17d504f01ba64169b17e2a578.831fa9a5cdd84e2bb8852572a4aaff0e,好啦，吃饭,,,
option.0942d3f17d504f01ba64169b17e2a578.bf30f707d4fd4c09933b61eacdb65eab,第四次对话未标价,,,
option.0942d3f17d504f01ba64169b17e2a578.86c2b9a6b57d4a20a74a32356f686bc4,足够游戏费用,,,
option.0942d3f17d504f01ba64169b17e2a578.5a4596621880470a8da7ca7488f8abb7,首次见面,,,
option.0942d3f17d504f01ba64169b17e2a578.758d3350999f48d782367895cd820a0f,再次见面,,,
option.0942d3f17d504f01ba64169b17e2a578.32a06ddaef254c1a9e0e63bc883d7e86,自由与喜欢,,,
text.0942d3f17d504f01ba64169b17e2a578.359c7175c115401e96c3ef2955c24d3e,辛苦了一个月终于有点闲钱了,,,
text.0942d3f17d504f01ba64169b17e2a578.65d4737d82c14a10abeed32d75d8c9bb,去游戏厅犒劳一下自己吧【金钱-10】,,,
text.0942d3f17d504f01ba64169b17e2a578.2a9ce7945dca46c5bdde65bdd97a4a48,但是我这种临时出家人去这种地方是不是不太好……,,,
text.0942d3f17d504f01ba64169b17e2a578.0dae151cf1f44d588a83d3f1d4ce5810,来来你帮我打一下我急着上厕所,,,
text.0942d3f17d504f01ba64169b17e2a578.51e8659bf1c34af09ef2bb7abfc0af93,啊？什么？怎么玩？,,,
text.0942d3f17d504f01ba64169b17e2a578.f5a8af7b147f4e209f72ff7ba5d930f5,乱按就行,,,
text.0942d3f17d504f01ba64169b17e2a578.d5bb53bee41d490cadd920ff5b0af784,真是好随便啊,,,
text.0942d3f17d504f01ba64169b17e2a578.b9aa9ba443184d3c99875d01d5f160b8,过了一会儿,,,
text.0942d3f17d504f01ba64169b17e2a578.b9c650b7881a426094546af95ef09ac0,我回来了,,,
text.0942d3f17d504f01ba64169b17e2a578.a9d0a38f5d9a46a7a4d9c38683187b1a,对不起，死了,,,
text.0942d3f17d504f01ba64169b17e2a578.7e29e2b21604404cbb77dbe15bbdc235,那么我的三个月不败纪录就这样结束了哈哈哈,,,
text.0942d3f17d504f01ba64169b17e2a578.cca9bd723bd14a39a7c46e0785c31a03,你这么一说我更不好意思了,,,
text.0942d3f17d504f01ba64169b17e2a578.b3a9d9e6aa114ab58b03f488f59caed8,别有压力，我临时抓你来打游戏还没不好意思呢,,,
text.0942d3f17d504f01ba64169b17e2a578.7892fcf82af34bf194ead7db1a603b47,走吧我请你喝饮料,,,
text.0942d3f17d504f01ba64169b17e2a578.80d317f16ad64390ac14614b34e82a4d,哇好自来熟一人,,,
text.0942d3f17d504f01ba64169b17e2a578.e7a1106e40484298baf4100f9d4bdf7f,哦对，你还不知道我是谁,,,
text.0942d3f17d504f01ba64169b17e2a578.94a52986ba214ecdb7619ba981eb5630,看你的服制，是从老君庙下来的吧,,,
text.0942d3f17d504f01ba64169b17e2a578.f537574418cc48e59d1565029fc1aae4,我算是你师伯 燕于飞,,,
text.0942d3f17d504f01ba64169b17e2a578.4051f3e0d4894836a06c04bef5df9d94,师伯不是在外进修吗？,,,
text.0942d3f17d504f01ba64169b17e2a578.986fd1d281424feb9e212a1243da9641,不是那个在外进修的师伯,,,
text.0942d3f17d504f01ba64169b17e2a578.35e7c9fafa5e49fc9343d8057cc76007,小染真是的……不好好介绍我,,,
text.0942d3f17d504f01ba64169b17e2a578.2d347cb5459b47cbb73e87e78ffada0d,小染有很大可能说我是“师叔的不成器徒弟”，你再想想呢？,,,
text.0942d3f17d504f01ba64169b17e2a578.ee51b1c83c9d40ed9898dd92492be71d,啊……好像是有这么个人,,,
text.0942d3f17d504f01ba64169b17e2a578.df7731cd24ad438a8251647c42278ab5,师伯好,,,
text.0942d3f17d504f01ba64169b17e2a578.8a7a5d2160cc41c6918d73b08e60bbb0,但是我更喜欢你叫我阿飞,,,
text.0942d3f17d504f01ba64169b17e2a578.b12bcd27900f42e0ab7e13e531448513,这样没问题吗,,,
text.0942d3f17d504f01ba64169b17e2a578.b22f65d8439e4acea1991cd164d4d700,放心，我不会找你师父告状的,,,
text.0942d3f17d504f01ba64169b17e2a578.ec28d9cd8ac64b4aa0675becc2af9e82,我还挺喜欢他们家的柠檬可乐的，你拿着喝，我就先回去了,,,
text.0942d3f17d504f01ba64169b17e2a578.5ab2f83ac5f24100b930adba9812fa56,回哪里，不一起回庙里吗？,,,
text.0942d3f17d504f01ba64169b17e2a578.de93a96e981645eb93348624104fdeee,我不住庙里好多年啦，拜拜~,,,
text.0942d3f17d504f01ba64169b17e2a578.3ef366b5dbcb4592bc9940186294878c,拜拜~,,,
text.0942d3f17d504f01ba64169b17e2a578.afee806a97db44b79ea5065a575822bc,对了别和小染说遇到我的事，她会生气,,,
text.0942d3f17d504f01ba64169b17e2a578.4c7c9605fce84a4e96d1e5b3f73d27c9,咦为什么？,,,
text.0942d3f17d504f01ba64169b17e2a578.59098069b02a4cd48ac0a65f6d38f3f6,消失的好快……,,,
text.0942d3f17d504f01ba64169b17e2a578.0da3799593914f89b6c14aadc86337e9,果然还是很想打游戏【金钱-10】,,,
text.0942d3f17d504f01ba64169b17e2a578.c1ba5617e6414619993498f715b46ade,山上太荒了点,,,
text.0942d3f17d504f01ba64169b17e2a578.95d4a301c1914ed184928ef0da4a5ffb,你来啦（眼睛盯着屏幕）,,,
text.0942d3f17d504f01ba64169b17e2a578.adc8bb904f424fa3b0cbddd27e72a82e,你怎么又在,,,
text.0942d3f17d504f01ba64169b17e2a578.fb0c49f6a6d943b79a72f28dda6fab2b,帮我买瓶水（眼睛盯着屏幕）,,,
option.0942d3f17d504f01ba64169b17e2a578.c13f41532e6447a4a718e8009413de1f,矿泉水,,,
option.0942d3f17d504f01ba64169b17e2a578.52b76ea91d2e46a0867e38ea626c057a,柠檬可乐,,,
option.0942d3f17d504f01ba64169b17e2a578.7105015e5dbb4d03bb12d09cceed3f92,顶级龙井,,,
text.0942d3f17d504f01ba64169b17e2a578.08a8551ecc734a2297e97e5beb225ace,谢啦,,,
text.0942d3f17d504f01ba64169b17e2a578.3c5d0a987205479aad982c5fdb9b7614,新出的技能吃豆人好好玩啊啊啊【金钱-10】,,,
text.0942d3f17d504f01ba64169b17e2a578.d1375bfc08f34e1cad7ec207e4692061,这个角色好难用，不打了,,,
text.0942d3f17d504f01ba64169b17e2a578.0a96a46f14ba494692e9b14a2eca43fd,我其实有点好奇,,,
text.0942d3f17d504f01ba64169b17e2a578.e5c1d577d5b24211aa68ad95847cb565,怎么啦,,,
text.0942d3f17d504f01ba64169b17e2a578.cd6673d016c745ca89b6c89ba37873c8,阿飞好像很痴迷于打游戏,,,
text.0942d3f17d504f01ba64169b17e2a578.a38307ad8d68491da627eac23e72dd27,但是又对输赢全无所谓,,,
text.0942d3f17d504f01ba64169b17e2a578.a5e8325afbf34d7bb9ee6caeb727bd7a,我上次把连胜断了，阿飞一点失落的表情都没有,,,
text.0942d3f17d504f01ba64169b17e2a578.9bc08e674a29402d89259081f09f9a49,阿飞究竟是想赢还是不想赢？说不想赢的话，又为什么天天来打，说想赢的话，为什么又毫无所谓？,,,
text.0942d3f17d504f01ba64169b17e2a578.8f5b0409618e46639d335c4c5e549503,你看这杯柠檬可乐,,,
text.0942d3f17d504f01ba64169b17e2a578.b8034f3750974108a20d34fa5b08e725,如果我自己想什么时候喝就什么时候喝，我就会觉得非常好喝,,,
text.0942d3f17d504f01ba64169b17e2a578.2570a998be0b415191bf3174c8ebbda3,如果你让我次次来都买这个证明我爱喝，我会觉得这杯可乐索然无味甚至有点恶心,,,
text.0942d3f17d504f01ba64169b17e2a578.13ffbbb17a3547068f6a3193e6dae581,人可以有自己喜欢的东西,,,
text.0942d3f17d504f01ba64169b17e2a578.319f14651cb1465cb2a7c2e1f72ec766,但是被喜欢圈住，就是画地为牢,,,
text.0942d3f17d504f01ba64169b17e2a578.97638362ee914e2eb9a6b0070948a874,那，如果我不喜欢任何东西呢？,,,
text.0942d3f17d504f01ba64169b17e2a578.acd238a560d0448682725055404fa9ef,装作什么都不在乎的样子看起来很酷,,,
text.0942d3f17d504f01ba64169b17e2a578.80076fae63c54789bd030c75a5fdc602,但否定自己的欲望会陷入到一种被精心培育的虚无主义中,,,
text.0942d3f17d504f01ba64169b17e2a578.07f4924f1bf4485aa89d564672007d7c,表现得好像自己什么都不想要,,,
text.0942d3f17d504f01ba64169b17e2a578.bfddf399fed14e549b5df0f4103a8d57,或者表现得自己很想要什么,,,
text.0942d3f17d504f01ba64169b17e2a578.b1ffcdd8039c44549192f5f2819656b8,看似是两个极端，但都是一种我执,,,
text.0942d3f17d504f01ba64169b17e2a578.eef1a0353acc40c5a423b6c973188612,我喜欢自由，不喜欢陷入到这种沉溺于自己人设树立的桎梏里,,,
text.0942d3f17d504f01ba64169b17e2a578.fe020b0a19454292a9d28419b6be5ffd,之前倒是听过由爱故生忧，由爱故生怖的哲学,,,
text.0942d3f17d504f01ba64169b17e2a578.dc835babd177420a9c94650381555a8d,这个角度却是从来没听过,,,
text.0942d3f17d504f01ba64169b17e2a578.921e6b329ab54727b19b3293d0014440,大多数人确实是会用潇洒形容我啦，或者有的时候是不负责任,,,
text.0942d3f17d504f01ba64169b17e2a578.ac144705b5dd447d928808f501c9458a,但是我喜欢打游戏,,,
text.0942d3f17d504f01ba64169b17e2a578.393f43e136e14b338dc365f22535f95b,我喜欢柠檬可乐,,,
text.0942d3f17d504f01ba64169b17e2a578.a8270ebc45c648ffa668dd6cefd527ed,我喜欢和【主角昵称】一起玩,,,
text.0942d3f17d504f01ba64169b17e2a578.34d2ffc1bba644fc9034cb9581a77f1a,但是如果这些喜欢有天要让你画地为牢呢?,,,
text.0942d3f17d504f01ba64169b17e2a578.32d4847b1f7f4422af0684173a5d05ab,再看喽，目前还没有哪种喜欢让我执着过,,,
text.0942d3f17d504f01ba64169b17e2a578.f75dc97560424cc69fcfbff557322198,零花钱不足 10 元，先去别处看看吧。,,,
text.0942d3f17d504f01ba64169b17e2a578.9bcf5ef63faf4b3cbfc0c098312b3b2d,现在有xx元零花钱，请问要买什么呢？,,,
option.0942d3f17d504f01ba64169b17e2a578.08381e71b55f4e7591b17552ad755a60,猫薄荷，200元,,,
option.0942d3f17d504f01ba64169b17e2a578.c2e1cf53ab52456eaeeedac14ae01c9d,不购买,,,
speaker.cmh_yan_unknown,？,,,
speaker.cmh_yan_unknown_spaces,？ ,,,
ui.shopSelection.Water,矿泉水,,,
ui.shopSelection.Cola,柠檬可乐,,,
ui.shopSelection.Tea,顶级龙井,,,
ui.shopSelection.Title,帮燕于飞买瓶喝的,,,
ui.shopSelection.Balance,零花钱：{0} 元,,,
ui.shopSelection.Paused,已暂停,,,
ui.shopSelection.Hint,悬浮查看，点击购买；余额不足的物品不可购买。,,,
ui.shopSelection.Cancel,不购买,,,
ui.shopSelection.Price,{0} 元,,,
option.0942d3f17d504f01ba64169b17e2a578.4d4fb1329c124ba48d8a2abd6e68a274,回观,,,
